[{"model": "home.homepage", "pk": 3, "fields": {"home_featured_content": "[]"}}, {"model": "home.sectionindexpage", "pk": 6, "fields": {}}, {"model": "home.section", "pk": 10, "fields": {"commenting_status": "inherited", "commenting_starts_at": null, "commenting_ends_at": null, "lead_image": null, "icon": null, "image_icon": null, "background_color": null, "font_color": null, "show_progress_bar": false, "larger_image_for_top_page_in_list_as_in_v1": false}}, {"model": "home.section", "pk": 11, "fields": {"commenting_status": "inherited", "commenting_starts_at": null, "commenting_ends_at": null, "lead_image": null, "icon": null, "image_icon": null, "background_color": null, "font_color": null, "show_progress_bar": false, "larger_image_for_top_page_in_list_as_in_v1": false}}, {"model": "home.bannerindexpage", "pk": 4, "fields": {}}, {"model": "home.footerindexpage", "pk": 5, "fields": {}}, {"model": "home.sitesettings", "pk": 1, "fields": {"site": 2, "logo": null, "favicon": null, "apple_touch_icon": null, "show_only_translated_pages": false, "fb_analytics_app_id": null, "local_ga_tag_manager": null, "global_ga_tag_manager": null, "local_ga_tracking_code": null, "global_ga_tracking_code": null, "social_media_link": "[]", "social_media_content_sharing_button": "[]", "media_file_size_threshold": 9437184, "allow_anonymous_comment": false, "registration_survey": null, "opt_in_to_google_web_light": false}}, {"model": "home.iogtflatmenuitem", "pk": 1, "fields": {"sort_order": null, "link_page": 3, "url_append": "#home", "handle": "", "link_text": "", "allow_subnav": false, "menu": 1, "link_url": null, "icon": null, "image_icon": null, "background_color": null, "font_color": null, "display_only_in_single_column_view": false}}, {"model": "home.iogtflatmenuitem", "pk": 2, "fields": {"sort_order": null, "link_page": null, "url_append": "top-level-sections", "handle": "", "link_text": "Sections", "allow_subnav": false, "menu": 1, "link_url": "#", "icon": null, "image_icon": null, "background_color": null, "font_color": null, "display_only_in_single_column_view": false}}, {"model": "home.themesettings", "pk": 1, "fields": {"site": 2, "global_background_color": "#FFFFFF", "header_background_color": "#FFFFFF", "language_picker_background_color": "#FDD256", "language_picker_font_color": "#303030", "section_listing_questionnaire_background_color": "#f0f0f0", "section_listing_questionnaire_font_color": "#444", "section_card_font_color": "#444", "section_card_background_color": "#ffffff", "article_card_font_color": "#444", "article_card_background_color": "#ffffff", "primary_button_font_color": "#444", "primary_button_background_color": "#f0f0f0", "navbar_background_color": "#0094F4", "navbar_font_color": "#FFFFFF"}}, {"model": "home.svgtopngmap", "pk": 1, "fields": {"svg_path": "/app/static/icons/search.svg", "fill_color": null, "stroke_color": null, "png_image_file": "svg-to-png-maps/svg-to-png_sVWWmJ0.png"}}, {"model": "home.svgtopngmap", "pk": 2, "fields": {"svg_path": "/app/static/icons/search.svg", "fill_color": null, "stroke_color": "#9A9A9A", "png_image_file": "svg-to-png-maps/svg-to-png_VClA6AR.png"}}, {"model": "home.svgtopngmap", "pk": 3, "fields": {"svg_path": "/app/static/icons/login.svg", "fill_color": "#444", "stroke_color": null, "png_image_file": "svg-to-png-maps/svg-to-png_EuaFuYg.png"}}, {"model": "home.svgtopngmap", "pk": 4, "fields": {"svg_path": "/home/edmoss/iogt-1/static/icons/search.svg", "fill_color": null, "stroke_color": null, "png_image_file": "svg-to-png-maps/svg-to-png_RYNdtLG.png"}}, {"model": "home.svgtopngmap", "pk": 5, "fields": {"svg_path": "/home/edmoss/iogt-1/static/icons/search.svg", "fill_color": null, "stroke_color": "#9A9A9A", "png_image_file": "svg-to-png-maps/svg-to-png_zzJwmgD.png"}}, {"model": "home.svgtopngmap", "pk": 6, "fields": {"svg_path": "/home/edmoss/iogt-1/static/icons/login.svg", "fill_color": "#444", "stroke_color": null, "png_image_file": "svg-to-png-maps/svg-to-png_YqOvu31.png"}}, {"model": "home.svgtopngmap", "pk": 7, "fields": {"svg_path": "/home/edmoss/iogt-1/static/icons/profile.svg", "fill_color": "#444", "stroke_color": null, "png_image_file": "svg-to-png-maps/svg-to-png_fx5XwBp.png"}}, {"model": "home.svgtopngmap", "pk": 8, "fields": {"svg_path": "/home/edmoss/iogt-1/static/icons/arrow_icon_left.svg", "fill_color": "#444", "stroke_color": null, "png_image_file": "svg-to-png-maps/svg-to-png_lxIlamF.png"}}, {"model": "home.svgtopngmap", "pk": 9, "fields": {"svg_path": "/home/edmoss/iogt-1/static/icons/lock.svg", "fill_color": "#444", "stroke_color": null, "png_image_file": "svg-to-png-maps/svg-to-png_7jUS2VW.png"}}, {"model": "iogt_users.user", "pk": 1, "fields": {"password": "pbkdf2_sha256$216000$ZF0CIM0wqdD5$lB5uZCIKyGptmf27XR7AO5+4tRHQpCBBMFbchBz4RNU=", "last_login": "2022-05-11T04:43:11.855Z", "is_superuser": true, "username": "tester", "is_staff": true, "is_active": true, "date_joined": "2022-04-27T02:21:53.164Z", "first_name": null, "last_name": null, "display_name": null, "email": "teste@gmail.com", "terms_accepted": false, "has_filled_registration_survey": false, "has_viewed_registration_survey": false, "groups": [], "user_permissions": [], "read_articles": []}}, {"model": "iogt_users.profile", "pk": 1, "fields": {"user": 1}}, {"model": "questionnaires.usersubmission", "pk": 1, "fields": {"form_data": "{\"q1_c1_ends_the_quiz_c2_is_correct\": \"c2\", \"q2_c2_is_correct\": \"c1\"}", "page": 12, "submit_time": "2022-04-27T05:30:52.907Z", "user": null, "session_key": "obnn0bq1r2g2i93x7hot6ul6tkohdl30"}}, {"model": "questionnaires.usersubmission", "pk": 2, "fields": {"form_data": "{\"q1_c1_ends_the_quiz_c2_is_correct\": \"c3\", \"q2_c2_is_correct\": \"c2\"}", "page": 12, "submit_time": "2022-04-27T05:31:29.348Z", "user": null, "session_key": "0m53p34g9klww5zu85j8y4peke60xxej"}}, {"model": "questionnaires.usersubmission", "pk": 3, "fields": {"form_data": "{\"q1_c1_ends_the_quiz_c2_is_correct\": \"c1\", \"q2_c2_is_correct\": \"c1\"}", "page": 12, "submit_time": "2022-04-27T05:37:09.630Z", "user": null, "session_key": "c5ob3tye074qpr8xhmzdzcymllprg8jn"}}, {"model": "questionnaires.usersubmission", "pk": 4, "fields": {"form_data": "{\"q1_c1_ends_the_quiz_c2_is_correct\": \"c1\", \"q2_c2_is_correct\": \"c2\"}", "page": 12, "submit_time": "2022-04-27T05:40:28.297Z", "user": null, "session_key": "f9huhhdeykchsz26gpyxdyrhv6y38tg9"}}, {"model": "questionnaires.usersubmission", "pk": 5, "fields": {"form_data": "{\"q1_c1_ends_the_quiz_c2_is_correct\": \"c1\", \"q2_c2_is_correct\": \"c2\"}", "page": 12, "submit_time": "2022-04-27T05:40:44.371Z", "user": null, "session_key": "0p63xigk710kc1pfsqu49k00r2doogs4"}}, {"model": "questionnaires.usersubmission", "pk": 6, "fields": {"form_data": "{\"q1_c1_ends_the_quiz_c2_is_correct\": \"c1\", \"q2_c2_is_correct\": \"c2\"}", "page": 12, "submit_time": "2022-04-27T14:01:30.618Z", "user": null, "session_key": "0sg84t1zoig2ziavxoi25jiv03t6c57r"}}, {"model": "questionnaires.quizformfield", "pk": 1, "fields": {"sort_order": 0, "required": true, "help_text": "", "page": 12, "clean_name": "q1_c1_ends_the_quiz_c2_is_correct", "label": "Q1 (c1 ends the quiz, c2 is correct)", "field_type": "radio", "choices": "c1|c2|c3", "admin_label": "q1", "default_value": "", "page_break": true, "correct_answer": "c2", "feedback": ""}}, {"model": "questionnaires.quizformfield", "pk": 2, "fields": {"sort_order": 1, "required": true, "help_text": "Select one", "page": 12, "clean_name": "q2_c2_is_correct", "label": "Q2 (c2 is correct)", "field_type": "dropdown", "choices": "c1|c2", "admin_label": "q2", "default_value": "", "page_break": false, "correct_answer": "c2", "feedback": ""}}, {"model": "questionnaires.quiz", "pk": 12, "fields": {"description": "[{\"type\": \"paragraph\", \"value\": \"<p>intro</p>\", \"id\": \"32d29e16-6f87-4b48-a6e7-71d4f853dbeb\"}]", "thank_you_text": "[{\"type\": \"paragraph\", \"value\": \"<p>thanks</p>\", \"id\": \"033ad8c5-391a-4897-bae2-1715571a130a\"}]", "allow_anonymous_submissions": true, "allow_multiple_submissions": true, "submit_button_text": "Submit", "direct_display": false, "index_page_description": "", "index_page_description_line_2": "", "terms_and_conditions": "[]", "icon": null, "image_icon": null, "multi_step": true}}, {"model": "questionnaires.pollindexpage", "pk": 7, "fields": {}}, {"model": "questionnaires.surveyindexpage", "pk": 8, "fields": {}}, {"model": "questionnaires.quizindexpage", "pk": 9, "fields": {}}, {"model": "wagtailusers.userprofile", "pk": 1, "fields": {"user": 1, "submitted_notifications": true, "approved_notifications": true, "rejected_notifications": true, "preferred_language": "", "current_time_zone": "", "avatar": ""}}, {"model": "wagtailcore.site", "pk": 2, "fields": {"hostname": "localhost", "port": 80, "site_name": "", "root_page": 3, "is_default_site": true}}, {"model": "wagtailcore.locale", "pk": 1, "fields": {"language_code": "en"}}, {"model": "wagtailcore.page", "pk": 1, "fields": {"path": "0001", "depth": 1, "numchild": 1, "translation_key": "35de0cc8-39d7-46c4-a478-c40ea340f632", "locale": 1, "title": "Root", "draft_title": "Root", "slug": "root", "content_type": 1, "live": true, "has_unpublished_changes": false, "url_path": "/", "owner": null, "seo_title": "", "show_in_menus": false, "search_description": "", "go_live_at": null, "expire_at": null, "expired": false, "locked": false, "locked_at": null, "locked_by": null, "first_published_at": null, "last_published_at": null, "latest_revision_created_at": null, "live_revision": null, "alias_of": null}}, {"model": "wagtailcore.page", "pk": 3, "fields": {"path": "00010001", "depth": 2, "numchild": 6, "translation_key": "a4829cc8-487c-49d5-8b77-d3562e4e1747", "locale": 1, "title": "Home", "draft_title": "Home", "slug": "home", "content_type": 4, "live": true, "has_unpublished_changes": false, "url_path": "/home/", "owner": null, "seo_title": "", "show_in_menus": true, "search_description": "", "go_live_at": null, "expire_at": null, "expired": false, "locked": false, "locked_at": null, "locked_by": null, "first_published_at": null, "last_published_at": null, "latest_revision_created_at": null, "live_revision": null, "alias_of": null}}, {"model": "wagtailcore.page", "pk": 4, "fields": {"path": "000100010001", "depth": 3, "numchild": 0, "translation_key": "05efaaab-0813-451b-8529-f6efc82d015f", "locale": 1, "title": "Banners", "draft_title": "Banners", "slug": "banners", "content_type": 6, "live": true, "has_unpublished_changes": false, "url_path": "/home/banners/", "owner": null, "seo_title": "", "show_in_menus": false, "search_description": "", "go_live_at": null, "expire_at": null, "expired": false, "locked": false, "locked_at": null, "locked_by": null, "first_published_at": null, "last_published_at": null, "latest_revision_created_at": null, "live_revision": null, "alias_of": null}}, {"model": "wagtailcore.page", "pk": 5, "fields": {"path": "000100010002", "depth": 3, "numchild": 0, "translation_key": "a3e6e1e7-3a8d-49a3-b7e0-89ec38f2f124", "locale": 1, "title": "Footers", "draft_title": "Footers", "slug": "footers", "content_type": 7, "live": true, "has_unpublished_changes": false, "url_path": "/home/footers/", "owner": null, "seo_title": "", "show_in_menus": false, "search_description": "", "go_live_at": null, "expire_at": null, "expired": false, "locked": false, "locked_at": null, "locked_by": null, "first_published_at": null, "last_published_at": null, "latest_revision_created_at": null, "live_revision": null, "alias_of": null}}, {"model": "wagtailcore.page", "pk": 6, "fields": {"path": "000100010003", "depth": 3, "numchild": 2, "translation_key": "ab7c81a1-6208-427d-bcb4-ef315b3cea2a", "locale": 1, "title": "Sections", "draft_title": "Sections", "slug": "sections", "content_type": 8, "live": true, "has_unpublished_changes": false, "url_path": "/home/sections/", "owner": null, "seo_title": "", "show_in_menus": false, "search_description": "", "go_live_at": null, "expire_at": null, "expired": false, "locked": false, "locked_at": null, "locked_by": null, "first_published_at": null, "last_published_at": null, "latest_revision_created_at": null, "live_revision": null, "alias_of": null}}, {"model": "wagtailcore.page", "pk": 7, "fields": {"path": "000100010004", "depth": 3, "numchild": 0, "translation_key": "06ef56a8-2a4a-43df-8245-4808f428f885", "locale": 1, "title": "Polls", "draft_title": "Polls", "slug": "polls", "content_type": 9, "live": true, "has_unpublished_changes": false, "url_path": "/home/polls/", "owner": null, "seo_title": "", "show_in_menus": false, "search_description": "", "go_live_at": null, "expire_at": null, "expired": false, "locked": false, "locked_at": null, "locked_by": null, "first_published_at": null, "last_published_at": null, "latest_revision_created_at": null, "live_revision": null, "alias_of": null}}, {"model": "wagtailcore.page", "pk": 8, "fields": {"path": "000100010005", "depth": 3, "numchild": 0, "translation_key": "33fa6238-2d13-473b-bc9d-86932b52d087", "locale": 1, "title": "Surveys", "draft_title": "Surveys", "slug": "surveys", "content_type": 10, "live": true, "has_unpublished_changes": false, "url_path": "/home/surveys/", "owner": null, "seo_title": "", "show_in_menus": false, "search_description": "", "go_live_at": null, "expire_at": null, "expired": false, "locked": false, "locked_at": null, "locked_by": null, "first_published_at": null, "last_published_at": null, "latest_revision_created_at": null, "live_revision": null, "alias_of": null}}, {"model": "wagtailcore.page", "pk": 9, "fields": {"path": "000100010006", "depth": 3, "numchild": 0, "translation_key": "a9757944-a552-4d22-9c60-27ef33aabb6e", "locale": 1, "title": "Quizzes", "draft_title": "Quizzes", "slug": "quizzes", "content_type": 11, "live": true, "has_unpublished_changes": false, "url_path": "/home/quizzes/", "owner": null, "seo_title": "", "show_in_menus": false, "search_description": "", "go_live_at": null, "expire_at": null, "expired": false, "locked": false, "locked_at": null, "locked_by": null, "first_published_at": null, "last_published_at": null, "latest_revision_created_at": null, "live_revision": null, "alias_of": null}}, {"model": "wagtailcore.page", "pk": 10, "fields": {"path": "0001000100030001", "depth": 4, "numchild": 0, "translation_key": "22a5213c-59d3-47a6-bdd7-205dad3baca6", "locale": 1, "title": "Test Section 10", "draft_title": "Test Section 10", "slug": "test-section-1", "content_type": 22, "live": true, "has_unpublished_changes": false, "url_path": "/home/sections/test-section-1/", "owner": 1, "seo_title": "", "show_in_menus": true, "search_description": "", "go_live_at": null, "expire_at": null, "expired": false, "locked": false, "locked_at": null, "locked_by": null, "first_published_at": "2022-04-27T02:22:39.302Z", "last_published_at": "2022-04-27T02:22:39.302Z", "latest_revision_created_at": "2022-04-27T02:22:39.272Z", "live_revision": 1, "alias_of": null}}, {"model": "wagtailcore.page", "pk": 11, "fields": {"path": "0001000100030002", "depth": 4, "numchild": 1, "translation_key": "ff3f79a4-457b-4808-b5d4-a5177d54db9e", "locale": 1, "title": "Questionnaire Testing", "draft_title": "Questionnaire Testing", "slug": "questionnaire-testing", "content_type": 22, "live": true, "has_unpublished_changes": false, "url_path": "/home/sections/questionnaire-testing/", "owner": 1, "seo_title": "", "show_in_menus": true, "search_description": "", "go_live_at": null, "expire_at": null, "expired": false, "locked": false, "locked_at": null, "locked_by": null, "first_published_at": "2022-04-27T05:26:11.779Z", "last_published_at": "2022-04-27T05:26:11.779Z", "latest_revision_created_at": "2022-04-27T05:26:11.747Z", "live_revision": 2, "alias_of": null}}, {"model": "wagtailcore.page", "pk": 12, "fields": {"path": "00010001000300020001", "depth": 5, "numchild": 0, "translation_key": "8c48e4f3-0290-4fe2-9590-2c7e1bcb47d4", "locale": 1, "title": "Quiz (2 pages)", "draft_title": "Quiz (2 pages)", "slug": "quiz-2-pages", "content_type": 39, "live": true, "has_unpublished_changes": false, "url_path": "/home/sections/questionnaire-testing/quiz-2-pages/", "owner": 1, "seo_title": "", "show_in_menus": false, "search_description": "", "go_live_at": null, "expire_at": null, "expired": false, "locked": false, "locked_at": null, "locked_by": null, "first_published_at": "2022-04-27T05:26:28.127Z", "last_published_at": "2022-04-27T05:42:57.165Z", "latest_revision_created_at": "2022-04-27T05:42:57.120Z", "live_revision": 7, "alias_of": null}}, {"model": "wagtailcore.pagerevision", "pk": 1, "fields": {"page": 10, "submitted_for_moderation": false, "created_at": "2022-04-27T02:22:39.272Z", "user": 1, "content_json": "{\"pk\": 10, \"path\": \"0001000100030001\", \"depth\": 4, \"numchild\": 0, \"translation_key\": \"22a5213c-59d3-47a6-bdd7-205dad3baca6\", \"locale\": 1, \"title\": \"Test Section 1\", \"draft_title\": \"Test Section 1\", \"slug\": \"test-section-1\", \"content_type\": 22, \"live\": true, \"has_unpublished_changes\": false, \"url_path\": \"/home/sections/test-section-1/\", \"owner\": 1, \"seo_title\": \"\", \"show_in_menus\": true, \"search_description\": \"\", \"go_live_at\": null, \"expire_at\": null, \"expired\": false, \"locked\": false, \"locked_at\": null, \"locked_by\": null, \"first_published_at\": null, \"last_published_at\": null, \"latest_revision_created_at\": null, \"live_revision\": null, \"alias_of\": null, \"commenting_status\": \"inherited\", \"commenting_starts_at\": null, \"commenting_ends_at\": null, \"lead_image\": null, \"icon\": null, \"image_icon\": null, \"background_color\": null, \"font_color\": null, \"show_progress_bar\": false, \"larger_image_for_top_page_in_list_as_in_v1\": false, \"featured_content\": [], \"home_page_banners\": [], \"tagged_items\": []}", "approved_go_live_at": null}}, {"model": "wagtailcore.pagerevision", "pk": 2, "fields": {"page": 11, "submitted_for_moderation": false, "created_at": "2022-04-27T05:26:11.747Z", "user": 1, "content_json": "{\"pk\": 11, \"path\": \"0001000100030002\", \"depth\": 4, \"numchild\": 0, \"translation_key\": \"ff3f79a4-457b-4808-b5d4-a5177d54db9e\", \"locale\": 1, \"title\": \"Questionnaire Testing\", \"draft_title\": \"Questionnaire Testing\", \"slug\": \"questionnaire-testing\", \"content_type\": 22, \"live\": true, \"has_unpublished_changes\": false, \"url_path\": \"/home/sections/questionnaire-testing/\", \"owner\": 1, \"seo_title\": \"\", \"show_in_menus\": true, \"search_description\": \"\", \"go_live_at\": null, \"expire_at\": null, \"expired\": false, \"locked\": false, \"locked_at\": null, \"locked_by\": null, \"first_published_at\": null, \"last_published_at\": null, \"latest_revision_created_at\": null, \"live_revision\": null, \"alias_of\": null, \"commenting_status\": \"inherited\", \"commenting_starts_at\": null, \"commenting_ends_at\": null, \"lead_image\": null, \"icon\": null, \"image_icon\": null, \"background_color\": null, \"font_color\": null, \"show_progress_bar\": false, \"larger_image_for_top_page_in_list_as_in_v1\": false, \"featured_content\": [], \"home_page_banners\": [], \"tagged_items\": []}", "approved_go_live_at": null}}, {"model": "wagtailcore.pagerevision", "pk": 3, "fields": {"page": 12, "submitted_for_moderation": false, "created_at": "2022-04-27T05:26:28.102Z", "user": 1, "content_json": "{\"pk\": 12, \"path\": \"00010001000300020001\", \"depth\": 5, \"numchild\": 0, \"translation_key\": \"8c48e4f3-0290-4fe2-9590-2c7e1bcb47d4\", \"locale\": 1, \"title\": \"Quiz 2 Pages\", \"draft_title\": \"Quiz 2 Pages\", \"slug\": \"quiz-2-pages\", \"content_type\": 39, \"live\": true, \"has_unpublished_changes\": false, \"url_path\": \"/home/sections/questionnaire-testing/quiz-2-pages/\", \"owner\": 1, \"seo_title\": \"\", \"show_in_menus\": false, \"search_description\": \"\", \"go_live_at\": null, \"expire_at\": null, \"expired\": false, \"locked\": false, \"locked_at\": null, \"locked_by\": null, \"first_published_at\": null, \"last_published_at\": null, \"latest_revision_created_at\": null, \"live_revision\": null, \"alias_of\": null, \"description\": \"[]\", \"thank_you_text\": \"[]\", \"allow_anonymous_submissions\": true, \"allow_multiple_submissions\": true, \"submit_button_text\": \"Submit\", \"direct_display\": false, \"index_page_description\": \"\", \"index_page_description_line_2\": \"\", \"terms_and_conditions\": \"[]\", \"icon\": null, \"image_icon\": null, \"multi_step\": false, \"featured_content\": [], \"home_page_banners\": [], \"quiz_form_fields\": []}", "approved_go_live_at": null}}, {"model": "wagtailcore.pagerevision", "pk": 4, "fields": {"page": 12, "submitted_for_moderation": false, "created_at": "2022-04-27T05:29:02.779Z", "user": 1, "content_json": "{\"pk\": 12, \"path\": \"00010001000300020001\", \"depth\": 5, \"numchild\": 0, \"translation_key\": \"8c48e4f3-0290-4fe2-9590-2c7e1bcb47d4\", \"locale\": 1, \"title\": \"Quiz 2 Pages\", \"draft_title\": \"Quiz 2 Pages\", \"slug\": \"quiz-2-pages\", \"content_type\": 39, \"live\": true, \"has_unpublished_changes\": false, \"url_path\": \"/home/sections/questionnaire-testing/quiz-2-pages/\", \"owner\": 1, \"seo_title\": \"\", \"show_in_menus\": false, \"search_description\": \"\", \"go_live_at\": null, \"expire_at\": null, \"expired\": false, \"locked\": false, \"locked_at\": null, \"locked_by\": null, \"first_published_at\": \"2022-04-27T05:26:28.127Z\", \"last_published_at\": \"2022-04-27T05:26:28.127Z\", \"latest_revision_created_at\": \"2022-04-27T05:26:28.102Z\", \"live_revision\": 3, \"alias_of\": null, \"description\": \"[{\\\"type\\\": \\\"paragraph\\\", \\\"value\\\": \\\"<p>intro</p>\\\", \\\"id\\\": \\\"32d29e16-6f87-4b48-a6e7-71d4f853dbeb\\\"}]\", \"thank_you_text\": \"[{\\\"type\\\": \\\"paragraph\\\", \\\"value\\\": \\\"<p>thanks</p>\\\", \\\"id\\\": \\\"033ad8c5-391a-4897-bae2-1715571a130a\\\"}]\", \"allow_anonymous_submissions\": true, \"allow_multiple_submissions\": true, \"submit_button_text\": \"Submit\", \"direct_display\": false, \"index_page_description\": \"\", \"index_page_description_line_2\": \"\", \"terms_and_conditions\": \"[]\", \"icon\": null, \"image_icon\": null, \"multi_step\": true, \"featured_content\": [], \"home_page_banners\": [], \"quiz_form_fields\": [{\"pk\": null, \"sort_order\": 0, \"required\": true, \"help_text\": \"\", \"page\": 12, \"clean_name\": \"\", \"label\": \"Q1 (c1 ends the quiz, c2 is correct)\", \"field_type\": \"radio\", \"choices\": \"c1|c2|c3\", \"admin_label\": \"q1\", \"default_value\": \"\", \"page_break\": true, \"correct_answer\": \"c2\", \"feedback\": \"\"}, {\"pk\": null, \"sort_order\": 1, \"required\": true, \"help_text\": \"Select one\", \"page\": 12, \"clean_name\": \"\", \"label\": \"Q2 (c2 is correct)\", \"field_type\": \"dropdown\", \"choices\": \"c1|c2\", \"admin_label\": \"q2\", \"default_value\": \"\", \"page_break\": false, \"correct_answer\": \"c2\", \"feedback\": \"\"}]}", "approved_go_live_at": null}}, {"model": "wagtailcore.pagerevision", "pk": 5, "fields": {"page": 12, "submitted_for_moderation": false, "created_at": "2022-04-27T05:35:16.849Z", "user": 1, "content_json": "{\"pk\": 12, \"path\": \"00010001000300020001\", \"depth\": 5, \"numchild\": 0, \"translation_key\": \"8c48e4f3-0290-4fe2-9590-2c7e1bcb47d4\", \"locale\": 1, \"title\": \"Quiz (2 Pages)\", \"draft_title\": \"Quiz 2 Pages\", \"slug\": \"quiz-2-pages\", \"content_type\": 39, \"live\": true, \"has_unpublished_changes\": false, \"url_path\": \"/home/sections/questionnaire-testing/quiz-2-pages/\", \"owner\": 1, \"seo_title\": \"\", \"show_in_menus\": false, \"search_description\": \"\", \"go_live_at\": null, \"expire_at\": null, \"expired\": false, \"locked\": false, \"locked_at\": null, \"locked_by\": null, \"first_published_at\": \"2022-04-27T05:26:28.127Z\", \"last_published_at\": \"2022-04-27T05:29:02.828Z\", \"latest_revision_created_at\": \"2022-04-27T05:29:02.779Z\", \"live_revision\": 4, \"alias_of\": null, \"description\": \"[{\\\"type\\\": \\\"paragraph\\\", \\\"value\\\": \\\"<p>intro</p>\\\", \\\"id\\\": \\\"32d29e16-6f87-4b48-a6e7-71d4f853dbeb\\\"}]\", \"thank_you_text\": \"[{\\\"type\\\": \\\"paragraph\\\", \\\"value\\\": \\\"<p>thanks</p>\\\", \\\"id\\\": \\\"033ad8c5-391a-4897-bae2-1715571a130a\\\"}]\", \"allow_anonymous_submissions\": true, \"allow_multiple_submissions\": true, \"submit_button_text\": \"Submit\", \"direct_display\": false, \"index_page_description\": \"\", \"index_page_description_line_2\": \"\", \"terms_and_conditions\": \"[]\", \"icon\": null, \"image_icon\": null, \"multi_step\": true, \"featured_content\": [], \"home_page_banners\": [], \"quiz_form_fields\": [{\"pk\": 1, \"sort_order\": 0, \"required\": true, \"help_text\": \"\", \"page\": 12, \"clean_name\": \"q1_c1_ends_the_quiz_c2_is_correct\", \"label\": \"Q1 (c1 ends the quiz, c2 is correct)\", \"field_type\": \"radio\", \"choices\": \"c1|c2|c3\", \"admin_label\": \"q1\", \"default_value\": \"\", \"page_break\": true, \"correct_answer\": \"c2\", \"feedback\": \"\"}, {\"pk\": 2, \"sort_order\": 1, \"required\": true, \"help_text\": \"Select one\", \"page\": 12, \"clean_name\": \"q2_c2_is_correct\", \"label\": \"Q2 (c2 is correct)\", \"field_type\": \"dropdown\", \"choices\": \"c1|c2\", \"admin_label\": \"q2\", \"default_value\": \"\", \"page_break\": false, \"correct_answer\": \"c2\", \"feedback\": \"\"}]}", "approved_go_live_at": null}}, {"model": "wagtailcore.pagerevision", "pk": 6, "fields": {"page": 12, "submitted_for_moderation": false, "created_at": "2022-04-27T05:35:58.815Z", "user": 1, "content_json": "{\"pk\": 12, \"path\": \"00010001000300020001\", \"depth\": 5, \"numchild\": 0, \"translation_key\": \"8c48e4f3-0290-4fe2-9590-2c7e1bcb47d4\", \"locale\": 1, \"title\": \"Quiz (2 pages)\", \"draft_title\": \"Quiz (2 Pages)\", \"slug\": \"quiz-2-pages\", \"content_type\": 39, \"live\": true, \"has_unpublished_changes\": false, \"url_path\": \"/home/sections/questionnaire-testing/quiz-2-pages/\", \"owner\": 1, \"seo_title\": \"\", \"show_in_menus\": false, \"search_description\": \"\", \"go_live_at\": null, \"expire_at\": null, \"expired\": false, \"locked\": false, \"locked_at\": null, \"locked_by\": null, \"first_published_at\": \"2022-04-27T05:26:28.127Z\", \"last_published_at\": \"2022-04-27T05:35:16.885Z\", \"latest_revision_created_at\": \"2022-04-27T05:35:16.849Z\", \"live_revision\": 5, \"alias_of\": null, \"description\": \"[{\\\"type\\\": \\\"paragraph\\\", \\\"value\\\": \\\"<p>intro</p>\\\", \\\"id\\\": \\\"32d29e16-6f87-4b48-a6e7-71d4f853dbeb\\\"}]\", \"thank_you_text\": \"[{\\\"type\\\": \\\"paragraph\\\", \\\"value\\\": \\\"<p>thanks</p>\\\", \\\"id\\\": \\\"033ad8c5-391a-4897-bae2-1715571a130a\\\"}]\", \"allow_anonymous_submissions\": true, \"allow_multiple_submissions\": true, \"submit_button_text\": \"Submit\", \"direct_display\": false, \"index_page_description\": \"\", \"index_page_description_line_2\": \"\", \"terms_and_conditions\": \"[]\", \"icon\": null, \"image_icon\": null, \"multi_step\": true, \"featured_content\": [], \"home_page_banners\": [], \"quiz_form_fields\": [{\"pk\": 1, \"sort_order\": 0, \"required\": true, \"help_text\": \"\", \"page\": 12, \"clean_name\": \"q1_c1_ends_the_quiz_c2_is_correct\", \"label\": \"Q1 (c1 ends the quiz, c2 is correct)\", \"field_type\": \"radio\", \"choices\": \"c1|c2|c3\", \"admin_label\": \"q1\", \"default_value\": \"\", \"page_break\": true, \"correct_answer\": \"c2\", \"feedback\": \"\"}, {\"pk\": 2, \"sort_order\": 1, \"required\": true, \"help_text\": \"Select one\", \"page\": 12, \"clean_name\": \"q2_c2_is_correct\", \"label\": \"Q2 (c2 is correct)\", \"field_type\": \"dropdown\", \"choices\": \"c1|c2\", \"admin_label\": \"q2\", \"default_value\": \"\", \"page_break\": false, \"correct_answer\": \"c2\", \"feedback\": \"\"}]}", "approved_go_live_at": null}}, {"model": "wagtailcore.pagerevision", "pk": 7, "fields": {"page": 12, "submitted_for_moderation": false, "created_at": "2022-04-27T05:42:57.120Z", "user": 1, "content_json": "{\"pk\": 12, \"path\": \"00010001000300020001\", \"depth\": 5, \"numchild\": 0, \"translation_key\": \"8c48e4f3-0290-4fe2-9590-2c7e1bcb47d4\", \"locale\": 1, \"title\": \"Quiz (2 pages)\", \"draft_title\": \"Quiz 2 Pages\", \"slug\": \"quiz-2-pages\", \"content_type\": 39, \"live\": true, \"has_unpublished_changes\": false, \"url_path\": \"/home/sections/questionnaire-testing/quiz-2-pages/\", \"owner\": 1, \"seo_title\": \"\", \"show_in_menus\": false, \"search_description\": \"\", \"go_live_at\": null, \"expire_at\": null, \"expired\": false, \"locked\": false, \"locked_at\": null, \"locked_by\": null, \"first_published_at\": \"2022-04-27T05:26:28.127Z\", \"last_published_at\": \"2022-04-27T05:29:02.828Z\", \"latest_revision_created_at\": \"2022-04-27T05:29:02.779Z\", \"live_revision\": 4, \"alias_of\": null, \"description\": \"[{\\\"type\\\": \\\"paragraph\\\", \\\"value\\\": \\\"<p>intro</p>\\\", \\\"id\\\": \\\"32d29e16-6f87-4b48-a6e7-71d4f853dbeb\\\"}]\", \"thank_you_text\": \"[{\\\"type\\\": \\\"paragraph\\\", \\\"value\\\": \\\"<p>thanks</p>\\\", \\\"id\\\": \\\"033ad8c5-391a-4897-bae2-1715571a130a\\\"}]\", \"allow_anonymous_submissions\": true, \"allow_multiple_submissions\": true, \"submit_button_text\": \"Submit\", \"direct_display\": false, \"index_page_description\": \"\", \"index_page_description_line_2\": \"\", \"terms_and_conditions\": \"[]\", \"icon\": null, \"image_icon\": null, \"multi_step\": true, \"featured_content\": [], \"home_page_banners\": [], \"quiz_form_fields\": [{\"pk\": 1, \"sort_order\": 0, \"required\": true, \"help_text\": \"\", \"page\": 12, \"clean_name\": \"q1_c1_ends_the_quiz_c2_is_correct\", \"label\": \"Q1 (c1 ends the quiz, c2 is correct)\", \"field_type\": \"radio\", \"choices\": \"c1|c2|c3\", \"admin_label\": \"q1\", \"default_value\": \"\", \"page_break\": true, \"correct_answer\": \"c2\", \"feedback\": \"\"}, {\"pk\": 2, \"sort_order\": 1, \"required\": true, \"help_text\": \"Select one\", \"page\": 12, \"clean_name\": \"q2_c2_is_correct\", \"label\": \"Q2 (c2 is correct)\", \"field_type\": \"dropdown\", \"choices\": \"c1|c2\", \"admin_label\": \"q2\", \"default_value\": \"\", \"page_break\": false, \"correct_answer\": \"c2\", \"feedback\": \"\"}]}", "approved_go_live_at": null}}, {"model": "wagtailcore.grouppagepermission", "pk": 1, "fields": {"group": 1, "page": 1, "permission_type": "add"}}, {"model": "wagtailcore.grouppagepermission", "pk": 2, "fields": {"group": 1, "page": 1, "permission_type": "edit"}}, {"model": "wagtailcore.grouppagepermission", "pk": 3, "fields": {"group": 1, "page": 1, "permission_type": "publish"}}, {"model": "wagtailcore.grouppagepermission", "pk": 4, "fields": {"group": 2, "page": 1, "permission_type": "add"}}, {"model": "wagtailcore.grouppagepermission", "pk": 5, "fields": {"group": 2, "page": 1, "permission_type": "edit"}}, {"model": "wagtailcore.grouppagepermission", "pk": 6, "fields": {"group": 1, "page": 1, "permission_type": "lock"}}, {"model": "wagtailcore.grouppagepermission", "pk": 7, "fields": {"group": 1, "page": 1, "permission_type": "unlock"}}, {"model": "wagtailcore.collection", "pk": 1, "fields": {"path": "0001", "depth": 1, "numchild": 0, "name": "Root"}}, {"model": "wagtailcore.groupcollectionpermission", "pk": 1, "fields": {"group": 2, "collection": 1, "permission": 1}}, {"model": "wagtailcore.groupcollectionpermission", "pk": 2, "fields": {"group": 1, "collection": 1, "permission": 1}}, {"model": "wagtailcore.groupcollectionpermission", "pk": 3, "fields": {"group": 2, "collection": 1, "permission": 2}}, {"model": "wagtailcore.groupcollectionpermission", "pk": 4, "fields": {"group": 1, "collection": 1, "permission": 2}}, {"model": "wagtailcore.groupcollectionpermission", "pk": 5, "fields": {"group": 2, "collection": 1, "permission": 6}}, {"model": "wagtailcore.groupcollectionpermission", "pk": 6, "fields": {"group": 1, "collection": 1, "permission": 6}}, {"model": "wagtailcore.groupcollectionpermission", "pk": 7, "fields": {"group": 2, "collection": 1, "permission": 7}}, {"model": "wagtailcore.groupcollectionpermission", "pk": 8, "fields": {"group": 1, "collection": 1, "permission": 7}}, {"model": "wagtailcore.groupcollectionpermission", "pk": 9, "fields": {"group": 2, "collection": 1, "permission": 9}}, {"model": "wagtailcore.groupcollectionpermission", "pk": 10, "fields": {"group": 1, "collection": 1, "permission": 9}}, {"model": "wagtailcore.groupcollectionpermission", "pk": 11, "fields": {"group": 2, "collection": 1, "permission": 10}}, {"model": "wagtailcore.groupcollectionpermission", "pk": 12, "fields": {"group": 1, "collection": 1, "permission": 10}}, {"model": "wagtailcore.workflowpage", "pk": 1, "fields": {"workflow": 1}}, {"model": "wagtailcore.workflowtask", "pk": 1, "fields": {"sort_order": 0, "workflow": 1, "task": 1}}, {"model": "wagtailcore.task", "pk": 1, "fields": {"name": "Moderators approval", "content_type": 2, "active": true}}, {"model": "wagtailcore.workflow", "pk": 1, "fields": {"name": "Moderators approval", "active": true}}, {"model": "wagtailcore.groupapprovaltask", "pk": 1, "fields": {"groups": [1]}}, {"model": "wagtailcore.pagelogentry", "pk": 1, "fields": {"content_type": 6, "label": "Banners", "action": "wagtail.create", "data_json": "\"\"", "timestamp": "2022-04-27T02:15:16.743Z", "user": null, "content_changed": true, "deleted": false, "page": 4, "revision": null}}, {"model": "wagtailcore.pagelogentry", "pk": 2, "fields": {"content_type": 7, "label": "Footers", "action": "wagtail.create", "data_json": "\"\"", "timestamp": "2022-04-27T02:15:16.752Z", "user": null, "content_changed": true, "deleted": false, "page": 5, "revision": null}}, {"model": "wagtailcore.pagelogentry", "pk": 3, "fields": {"content_type": 8, "label": "Sections", "action": "wagtail.create", "data_json": "\"\"", "timestamp": "2022-04-27T02:15:16.761Z", "user": null, "content_changed": true, "deleted": false, "page": 6, "revision": null}}, {"model": "wagtailcore.pagelogentry", "pk": 4, "fields": {"content_type": 9, "label": "Polls", "action": "wagtail.create", "data_json": "\"\"", "timestamp": "2022-04-27T02:15:22.140Z", "user": null, "content_changed": true, "deleted": false, "page": 7, "revision": null}}, {"model": "wagtailcore.pagelogentry", "pk": 5, "fields": {"content_type": 10, "label": "Surveys", "action": "wagtail.create", "data_json": "\"\"", "timestamp": "2022-04-27T02:15:22.151Z", "user": null, "content_changed": true, "deleted": false, "page": 8, "revision": null}}, {"model": "wagtailcore.pagelogentry", "pk": 6, "fields": {"content_type": 11, "label": "Quizzes", "action": "wagtail.create", "data_json": "\"\"", "timestamp": "2022-04-27T02:15:22.161Z", "user": null, "content_changed": true, "deleted": false, "page": 9, "revision": null}}, {"model": "wagtailcore.pagelogentry", "pk": 7, "fields": {"content_type": 22, "label": "Test Section 1", "action": "wagtail.create", "data_json": "\"\"", "timestamp": "2022-04-27T02:22:39.257Z", "user": 1, "content_changed": true, "deleted": false, "page": 10, "revision": null}}, {"model": "wagtailcore.pagelogentry", "pk": 8, "fields": {"content_type": 22, "label": "Test Section 1", "action": "wagtail.publish", "data_json": "null", "timestamp": "2022-04-27T02:22:39.328Z", "user": 1, "content_changed": true, "deleted": false, "page": 10, "revision": 1}}, {"model": "wagtailcore.pagelogentry", "pk": 9, "fields": {"content_type": 22, "label": "Questionnaire Testing", "action": "wagtail.create", "data_json": "\"\"", "timestamp": "2022-04-27T05:26:11.732Z", "user": 1, "content_changed": true, "deleted": false, "page": 11, "revision": null}}, {"model": "wagtailcore.pagelogentry", "pk": 10, "fields": {"content_type": 22, "label": "Questionnaire Testing", "action": "wagtail.publish", "data_json": "null", "timestamp": "2022-04-27T05:26:11.810Z", "user": 1, "content_changed": true, "deleted": false, "page": 11, "revision": 2}}, {"model": "wagtailcore.pagelogentry", "pk": 11, "fields": {"content_type": 39, "label": "Quiz 2 Pages", "action": "wagtail.create", "data_json": "\"\"", "timestamp": "2022-04-27T05:26:28.085Z", "user": 1, "content_changed": true, "deleted": false, "page": 12, "revision": null}}, {"model": "wagtailcore.pagelogentry", "pk": 12, "fields": {"content_type": 39, "label": "Quiz 2 Pages", "action": "wagtail.publish", "data_json": "null", "timestamp": "2022-04-27T05:26:28.154Z", "user": 1, "content_changed": true, "deleted": false, "page": 12, "revision": 3}}, {"model": "wagtailcore.pagelogentry", "pk": 13, "fields": {"content_type": 39, "label": "Quiz 2 Pages", "action": "wagtail.edit", "data_json": "\"\"", "timestamp": "2022-04-27T05:29:02.800Z", "user": 1, "content_changed": true, "deleted": false, "page": 12, "revision": 4}}, {"model": "wagtailcore.pagelogentry", "pk": 14, "fields": {"content_type": 39, "label": "Quiz 2 Pages", "action": "wagtail.publish", "data_json": "null", "timestamp": "2022-04-27T05:29:02.858Z", "user": 1, "content_changed": true, "deleted": false, "page": 12, "revision": 4}}, {"model": "wagtailcore.pagelogentry", "pk": 15, "fields": {"content_type": 39, "label": "Quiz (2 Pages)", "action": "wagtail.edit", "data_json": "\"\"", "timestamp": "2022-04-27T05:35:16.866Z", "user": 1, "content_changed": true, "deleted": false, "page": 12, "revision": 5}}, {"model": "wagtailcore.pagelogentry", "pk": 16, "fields": {"content_type": 39, "label": "Quiz (2 Pages)", "action": "wagtail.rename", "data_json": "{\"title\": {\"old\": \"Quiz 2 Pages\", \"new\": \"Quiz (2 Pages)\"}}", "timestamp": "2022-04-27T05:35:16.918Z", "user": 1, "content_changed": false, "deleted": false, "page": 12, "revision": 5}}, {"model": "wagtailcore.pagelogentry", "pk": 17, "fields": {"content_type": 39, "label": "Quiz (2 Pages)", "action": "wagtail.publish", "data_json": "{\"title\": {\"old\": \"Quiz 2 Pages\", \"new\": \"Quiz (2 Pages)\"}}", "timestamp": "2022-04-27T05:35:16.925Z", "user": 1, "content_changed": true, "deleted": false, "page": 12, "revision": 5}}, {"model": "wagtailcore.pagelogentry", "pk": 18, "fields": {"content_type": 39, "label": "Quiz (2 pages)", "action": "wagtail.edit", "data_json": "\"\"", "timestamp": "2022-04-27T05:35:58.841Z", "user": 1, "content_changed": true, "deleted": false, "page": 12, "revision": 6}}, {"model": "wagtailcore.pagelogentry", "pk": 19, "fields": {"content_type": 39, "label": "Quiz (2 pages)", "action": "wagtail.rename", "data_json": "{\"title\": {\"old\": \"Quiz (2 Pages)\", \"new\": \"Quiz (2 pages)\"}}", "timestamp": "2022-04-27T05:35:58.906Z", "user": 1, "content_changed": false, "deleted": false, "page": 12, "revision": 6}}, {"model": "wagtailcore.pagelogentry", "pk": 20, "fields": {"content_type": 39, "label": "Quiz (2 pages)", "action": "wagtail.publish", "data_json": "{\"title\": {\"old\": \"Quiz (2 Pages)\", \"new\": \"Quiz (2 pages)\"}}", "timestamp": "2022-04-27T05:35:58.912Z", "user": 1, "content_changed": true, "deleted": false, "page": 12, "revision": 6}}, {"model": "wagtailcore.pagelogentry", "pk": 21, "fields": {"content_type": 39, "label": "Quiz (2 pages)", "action": "wagtail.edit", "data_json": "\"\"", "timestamp": "2022-04-27T05:42:57.141Z", "user": 1, "content_changed": true, "deleted": false, "page": 12, "revision": 7}}, {"model": "wagtailcore.pagelogentry", "pk": 22, "fields": {"content_type": 39, "label": "Quiz (2 pages)", "action": "wagtail.rename", "data_json": "{\"title\": {\"old\": \"Quiz 2 Pages\", \"new\": \"Quiz (2 pages)\"}}", "timestamp": "2022-04-27T05:42:57.193Z", "user": 1, "content_changed": false, "deleted": false, "page": 12, "revision": 7}}, {"model": "wagtailcore.pagelogentry", "pk": 23, "fields": {"content_type": 39, "label": "Quiz (2 pages)", "action": "wagtail.publish", "data_json": "{\"title\": {\"old\": \"Quiz 2 Pages\", \"new\": \"Quiz (2 pages)\"}}", "timestamp": "2022-04-27T05:42:57.199Z", "user": 1, "content_changed": true, "deleted": false, "page": 12, "revision": 7}}, {"model": "wagtailmenus.flatmenu", "pk": 1, "fields": {"site": 2, "title": "Navbar", "handle": "nav_bar", "heading": "", "max_levels": 1}}, {"model": "auth.permission", "pk": 1, "fields": {"name": "Can add image", "content_type": 3, "codename": "add_image"}}, {"model": "auth.permission", "pk": 2, "fields": {"name": "Can change image", "content_type": 3, "codename": "change_image"}}, {"model": "auth.permission", "pk": 3, "fields": {"name": "Can delete image", "content_type": 3, "codename": "delete_image"}}, {"model": "auth.permission", "pk": 4, "fields": {"name": "Can submit translations", "content_type": 5, "codename": "submit_translation"}}, {"model": "auth.permission", "pk": 5, "fields": {"name": "Can access Wagtail admin", "content_type": 12, "codename": "access_admin"}}, {"model": "auth.permission", "pk": 6, "fields": {"name": "Can add document", "content_type": 13, "codename": "add_document"}}, {"model": "auth.permission", "pk": 7, "fields": {"name": "Can change document", "content_type": 13, "codename": "change_document"}}, {"model": "auth.permission", "pk": 8, "fields": {"name": "Can delete document", "content_type": 13, "codename": "delete_document"}}, {"model": "auth.permission", "pk": 9, "fields": {"name": "Can add media", "content_type": 14, "codename": "add_media"}}, {"model": "auth.permission", "pk": 10, "fields": {"name": "Can change media", "content_type": 14, "codename": "change_media"}}, {"model": "auth.permission", "pk": 11, "fields": {"name": "Can delete media", "content_type": 14, "codename": "delete_media"}}, {"model": "auth.permission", "pk": 12, "fields": {"name": "Can add article", "content_type": 15, "codename": "add_article"}}, {"model": "auth.permission", "pk": 13, "fields": {"name": "Can change article", "content_type": 15, "codename": "change_article"}}, {"model": "auth.permission", "pk": 14, "fields": {"name": "Can delete article", "content_type": 15, "codename": "delete_article"}}, {"model": "auth.permission", "pk": 15, "fields": {"name": "Can view article", "content_type": 15, "codename": "view_article"}}, {"model": "auth.permission", "pk": 16, "fields": {"name": "Can add article recommendation", "content_type": 16, "codename": "add_articlerecommendation"}}, {"model": "auth.permission", "pk": 17, "fields": {"name": "Can change article recommendation", "content_type": 16, "codename": "change_articlerecommendation"}}, {"model": "auth.permission", "pk": 18, "fields": {"name": "Can delete article recommendation", "content_type": 16, "codename": "delete_articlerecommendation"}}, {"model": "auth.permission", "pk": 19, "fields": {"name": "Can view article recommendation", "content_type": 16, "codename": "view_articlerecommendation"}}, {"model": "auth.permission", "pk": 20, "fields": {"name": "Can add article tagged item", "content_type": 17, "codename": "add_articletaggeditem"}}, {"model": "auth.permission", "pk": 21, "fields": {"name": "Can change article tagged item", "content_type": 17, "codename": "change_articletaggeditem"}}, {"model": "auth.permission", "pk": 22, "fields": {"name": "Can delete article tagged item", "content_type": 17, "codename": "delete_articletaggeditem"}}, {"model": "auth.permission", "pk": 23, "fields": {"name": "Can view article tagged item", "content_type": 17, "codename": "view_articletaggeditem"}}, {"model": "auth.permission", "pk": 24, "fields": {"name": "Can add banner index page", "content_type": 6, "codename": "add_bannerindexpage"}}, {"model": "auth.permission", "pk": 25, "fields": {"name": "Can change banner index page", "content_type": 6, "codename": "change_bannerindexpage"}}, {"model": "auth.permission", "pk": 26, "fields": {"name": "Can delete banner index page", "content_type": 6, "codename": "delete_bannerindexpage"}}, {"model": "auth.permission", "pk": 27, "fields": {"name": "Can view banner index page", "content_type": 6, "codename": "view_bannerindexpage"}}, {"model": "auth.permission", "pk": 28, "fields": {"name": "Can add banner page", "content_type": 18, "codename": "add_bannerpage"}}, {"model": "auth.permission", "pk": 29, "fields": {"name": "Can change banner page", "content_type": 18, "codename": "change_bannerpage"}}, {"model": "auth.permission", "pk": 30, "fields": {"name": "Can delete banner page", "content_type": 18, "codename": "delete_bannerpage"}}, {"model": "auth.permission", "pk": 31, "fields": {"name": "Can view banner page", "content_type": 18, "codename": "view_bannerpage"}}, {"model": "auth.permission", "pk": 32, "fields": {"name": "Can add featured content", "content_type": 19, "codename": "add_featuredcontent"}}, {"model": "auth.permission", "pk": 33, "fields": {"name": "Can change featured content", "content_type": 19, "codename": "change_featuredcontent"}}, {"model": "auth.permission", "pk": 34, "fields": {"name": "Can delete featured content", "content_type": 19, "codename": "delete_featuredcontent"}}, {"model": "auth.permission", "pk": 35, "fields": {"name": "Can view featured content", "content_type": 19, "codename": "view_featuredcontent"}}, {"model": "auth.permission", "pk": 36, "fields": {"name": "Can add footer index page", "content_type": 7, "codename": "add_footerindexpage"}}, {"model": "auth.permission", "pk": 37, "fields": {"name": "Can change footer index page", "content_type": 7, "codename": "change_footerindexpage"}}, {"model": "auth.permission", "pk": 38, "fields": {"name": "Can delete footer index page", "content_type": 7, "codename": "delete_footerindexpage"}}, {"model": "auth.permission", "pk": 39, "fields": {"name": "Can view footer index page", "content_type": 7, "codename": "view_footerindexpage"}}, {"model": "auth.permission", "pk": 40, "fields": {"name": "Can add home page", "content_type": 4, "codename": "add_homepage"}}, {"model": "auth.permission", "pk": 41, "fields": {"name": "Can change home page", "content_type": 4, "codename": "change_homepage"}}, {"model": "auth.permission", "pk": 42, "fields": {"name": "Can delete home page", "content_type": 4, "codename": "delete_homepage"}}, {"model": "auth.permission", "pk": 43, "fields": {"name": "Can view home page", "content_type": 4, "codename": "view_homepage"}}, {"model": "auth.permission", "pk": 44, "fields": {"name": "Can add home page banner", "content_type": 20, "codename": "add_homepagebanner"}}, {"model": "auth.permission", "pk": 45, "fields": {"name": "Can change home page banner", "content_type": 20, "codename": "change_homepagebanner"}}, {"model": "auth.permission", "pk": 46, "fields": {"name": "Can delete home page banner", "content_type": 20, "codename": "delete_homepagebanner"}}, {"model": "auth.permission", "pk": 47, "fields": {"name": "Can view home page banner", "content_type": 20, "codename": "view_homepagebanner"}}, {"model": "auth.permission", "pk": 48, "fields": {"name": "Can add menu item", "content_type": 21, "codename": "add_iogtflatmenuitem"}}, {"model": "auth.permission", "pk": 49, "fields": {"name": "Can change menu item", "content_type": 21, "codename": "change_iogtflatmenuitem"}}, {"model": "auth.permission", "pk": 50, "fields": {"name": "Can delete menu item", "content_type": 21, "codename": "delete_iogtflatmenuitem"}}, {"model": "auth.permission", "pk": 51, "fields": {"name": "Can view menu item", "content_type": 21, "codename": "view_iogtflatmenuitem"}}, {"model": "auth.permission", "pk": 52, "fields": {"name": "Can add section", "content_type": 22, "codename": "add_section"}}, {"model": "auth.permission", "pk": 53, "fields": {"name": "Can change section", "content_type": 22, "codename": "change_section"}}, {"model": "auth.permission", "pk": 54, "fields": {"name": "Can delete section", "content_type": 22, "codename": "delete_section"}}, {"model": "auth.permission", "pk": 55, "fields": {"name": "Can view section", "content_type": 22, "codename": "view_section"}}, {"model": "auth.permission", "pk": 56, "fields": {"name": "Can add section index page", "content_type": 8, "codename": "add_sectionindexpage"}}, {"model": "auth.permission", "pk": 57, "fields": {"name": "Can change section index page", "content_type": 8, "codename": "change_sectionindexpage"}}, {"model": "auth.permission", "pk": 58, "fields": {"name": "Can delete section index page", "content_type": 8, "codename": "delete_sectionindexpage"}}, {"model": "auth.permission", "pk": 59, "fields": {"name": "Can view section index page", "content_type": 8, "codename": "view_sectionindexpage"}}, {"model": "auth.permission", "pk": 60, "fields": {"name": "Can add section tagged item", "content_type": 23, "codename": "add_sectiontaggeditem"}}, {"model": "auth.permission", "pk": 61, "fields": {"name": "Can change section tagged item", "content_type": 23, "codename": "change_sectiontaggeditem"}}, {"model": "auth.permission", "pk": 62, "fields": {"name": "Can delete section tagged item", "content_type": 23, "codename": "delete_sectiontaggeditem"}}, {"model": "auth.permission", "pk": 63, "fields": {"name": "Can view section tagged item", "content_type": 23, "codename": "view_sectiontaggeditem"}}, {"model": "auth.permission", "pk": 64, "fields": {"name": "Can add footer", "content_type": 24, "codename": "add_footerpage"}}, {"model": "auth.permission", "pk": 65, "fields": {"name": "Can change footer", "content_type": 24, "codename": "change_footerpage"}}, {"model": "auth.permission", "pk": 66, "fields": {"name": "Can delete footer", "content_type": 24, "codename": "delete_footerpage"}}, {"model": "auth.permission", "pk": 67, "fields": {"name": "Can view footer", "content_type": 24, "codename": "view_footerpage"}}, {"model": "auth.permission", "pk": 68, "fields": {"name": "Can add Site Settings", "content_type": 25, "codename": "add_sitesettings"}}, {"model": "auth.permission", "pk": 69, "fields": {"name": "Can change Site Settings", "content_type": 25, "codename": "change_sitesettings"}}, {"model": "auth.permission", "pk": 70, "fields": {"name": "Can delete Site Settings", "content_type": 25, "codename": "delete_sitesettings"}}, {"model": "auth.permission", "pk": 71, "fields": {"name": "Can view Site Settings", "content_type": 25, "codename": "view_sitesettings"}}, {"model": "auth.permission", "pk": 72, "fields": {"name": "Can add Manifest settings", "content_type": 26, "codename": "add_manifestsettings"}}, {"model": "auth.permission", "pk": 73, "fields": {"name": "Can change Manifest settings", "content_type": 26, "codename": "change_manifestsettings"}}, {"model": "auth.permission", "pk": 74, "fields": {"name": "Can delete Manifest settings", "content_type": 26, "codename": "delete_manifestsettings"}}, {"model": "auth.permission", "pk": 75, "fields": {"name": "Can view Manifest settings", "content_type": 26, "codename": "view_manifestsettings"}}, {"model": "auth.permission", "pk": 76, "fields": {"name": "Can add v1 to v2 object map", "content_type": 27, "codename": "add_v1tov2objectmap"}}, {"model": "auth.permission", "pk": 77, "fields": {"name": "Can change v1 to v2 object map", "content_type": 27, "codename": "change_v1tov2objectmap"}}, {"model": "auth.permission", "pk": 78, "fields": {"name": "Can delete v1 to v2 object map", "content_type": 27, "codename": "delete_v1tov2objectmap"}}, {"model": "auth.permission", "pk": 79, "fields": {"name": "Can view v1 to v2 object map", "content_type": 27, "codename": "view_v1tov2objectmap"}}, {"model": "auth.permission", "pk": 80, "fields": {"name": "Can add theme settings", "content_type": 28, "codename": "add_themesettings"}}, {"model": "auth.permission", "pk": 81, "fields": {"name": "Can change theme settings", "content_type": 28, "codename": "change_themesettings"}}, {"model": "auth.permission", "pk": 82, "fields": {"name": "Can delete theme settings", "content_type": 28, "codename": "delete_themesettings"}}, {"model": "auth.permission", "pk": 83, "fields": {"name": "Can view theme settings", "content_type": 28, "codename": "view_themesettings"}}, {"model": "auth.permission", "pk": 84, "fields": {"name": "Can add page link page", "content_type": 29, "codename": "add_pagelinkpage"}}, {"model": "auth.permission", "pk": 85, "fields": {"name": "Can change page link page", "content_type": 29, "codename": "change_pagelinkpage"}}, {"model": "auth.permission", "pk": 86, "fields": {"name": "Can delete page link page", "content_type": 29, "codename": "delete_pagelinkpage"}}, {"model": "auth.permission", "pk": 87, "fields": {"name": "Can view page link page", "content_type": 29, "codename": "view_pagelinkpage"}}, {"model": "auth.permission", "pk": 88, "fields": {"name": "Can add svg to png map", "content_type": 30, "codename": "add_svgtopngmap"}}, {"model": "auth.permission", "pk": 89, "fields": {"name": "Can change svg to png map", "content_type": 30, "codename": "change_svgtopngmap"}}, {"model": "auth.permission", "pk": 90, "fields": {"name": "Can delete svg to png map", "content_type": 30, "codename": "delete_svgtopngmap"}}, {"model": "auth.permission", "pk": 91, "fields": {"name": "Can view svg to png map", "content_type": 30, "codename": "view_svgtopngmap"}}, {"model": "auth.permission", "pk": 92, "fields": {"name": "Can add miscellaneous index page", "content_type": 31, "codename": "add_miscellaneousindexpage"}}, {"model": "auth.permission", "pk": 93, "fields": {"name": "Can change miscellaneous index page", "content_type": 31, "codename": "change_miscellaneousindexpage"}}, {"model": "auth.permission", "pk": 94, "fields": {"name": "Can delete miscellaneous index page", "content_type": 31, "codename": "delete_miscellaneousindexpage"}}, {"model": "auth.permission", "pk": 95, "fields": {"name": "Can view miscellaneous index page", "content_type": 31, "codename": "view_miscellaneousindexpage"}}, {"model": "auth.permission", "pk": 96, "fields": {"name": "Can add article", "content_type": 32, "codename": "add_offlineapppage"}}, {"model": "auth.permission", "pk": 97, "fields": {"name": "Can change article", "content_type": 32, "codename": "change_offlineapppage"}}, {"model": "auth.permission", "pk": 98, "fields": {"name": "Can delete article", "content_type": 32, "codename": "delete_offlineapppage"}}, {"model": "auth.permission", "pk": 99, "fields": {"name": "Can view article", "content_type": 32, "codename": "view_offlineapppage"}}, {"model": "auth.permission", "pk": 100, "fields": {"name": "Can add v1 page url to v2 page map", "content_type": 33, "codename": "add_v1pageurltov2pagemap"}}, {"model": "auth.permission", "pk": 101, "fields": {"name": "Can change v1 page url to v2 page map", "content_type": 33, "codename": "change_v1pageurltov2pagemap"}}, {"model": "auth.permission", "pk": 102, "fields": {"name": "Can delete v1 page url to v2 page map", "content_type": 33, "codename": "delete_v1pageurltov2pagemap"}}, {"model": "auth.permission", "pk": 103, "fields": {"name": "Can view v1 page url to v2 page map", "content_type": 33, "codename": "view_v1pageurltov2pagemap"}}, {"model": "auth.permission", "pk": 104, "fields": {"name": "Can add locale detail", "content_type": 34, "codename": "add_localedetail"}}, {"model": "auth.permission", "pk": 105, "fields": {"name": "Can change locale detail", "content_type": 34, "codename": "change_localedetail"}}, {"model": "auth.permission", "pk": 106, "fields": {"name": "Can delete locale detail", "content_type": 34, "codename": "delete_localedetail"}}, {"model": "auth.permission", "pk": 107, "fields": {"name": "Can view locale detail", "content_type": 34, "codename": "view_localedetail"}}, {"model": "auth.permission", "pk": 108, "fields": {"name": "Can add user", "content_type": 35, "codename": "add_user"}}, {"model": "auth.permission", "pk": 109, "fields": {"name": "Can change user", "content_type": 35, "codename": "change_user"}}, {"model": "auth.permission", "pk": 110, "fields": {"name": "Can delete user", "content_type": 35, "codename": "delete_user"}}, {"model": "auth.permission", "pk": 111, "fields": {"name": "Can view user", "content_type": 35, "codename": "view_user"}}, {"model": "auth.permission", "pk": 112, "fields": {"name": "Can add profile", "content_type": 36, "codename": "add_profile"}}, {"model": "auth.permission", "pk": 113, "fields": {"name": "Can change profile", "content_type": 36, "codename": "change_profile"}}, {"model": "auth.permission", "pk": 114, "fields": {"name": "Can delete profile", "content_type": 36, "codename": "delete_profile"}}, {"model": "auth.permission", "pk": 115, "fields": {"name": "Can view profile", "content_type": 36, "codename": "view_profile"}}, {"model": "auth.permission", "pk": 116, "fields": {"name": "Can add canned response", "content_type": 37, "codename": "add_cannedresponse"}}, {"model": "auth.permission", "pk": 117, "fields": {"name": "Can change canned response", "content_type": 37, "codename": "change_cannedresponse"}}, {"model": "auth.permission", "pk": 118, "fields": {"name": "Can delete canned response", "content_type": 37, "codename": "delete_cannedresponse"}}, {"model": "auth.permission", "pk": 119, "fields": {"name": "Can view canned response", "content_type": 37, "codename": "view_cannedresponse"}}, {"model": "auth.permission", "pk": 120, "fields": {"name": "Can add poll", "content_type": 38, "codename": "add_poll"}}, {"model": "auth.permission", "pk": 121, "fields": {"name": "Can change poll", "content_type": 38, "codename": "change_poll"}}, {"model": "auth.permission", "pk": 122, "fields": {"name": "Can delete poll", "content_type": 38, "codename": "delete_poll"}}, {"model": "auth.permission", "pk": 123, "fields": {"name": "Can view poll", "content_type": 38, "codename": "view_poll"}}, {"model": "auth.permission", "pk": 124, "fields": {"name": "Can add quiz", "content_type": 39, "codename": "add_quiz"}}, {"model": "auth.permission", "pk": 125, "fields": {"name": "Can change quiz", "content_type": 39, "codename": "change_quiz"}}, {"model": "auth.permission", "pk": 126, "fields": {"name": "Can delete quiz", "content_type": 39, "codename": "delete_quiz"}}, {"model": "auth.permission", "pk": 127, "fields": {"name": "Can view quiz", "content_type": 39, "codename": "view_quiz"}}, {"model": "auth.permission", "pk": 128, "fields": {"name": "Can add survey", "content_type": 40, "codename": "add_survey"}}, {"model": "auth.permission", "pk": 129, "fields": {"name": "Can change survey", "content_type": 40, "codename": "change_survey"}}, {"model": "auth.permission", "pk": 130, "fields": {"name": "Can delete survey", "content_type": 40, "codename": "delete_survey"}}, {"model": "auth.permission", "pk": 131, "fields": {"name": "Can view survey", "content_type": 40, "codename": "view_survey"}}, {"model": "auth.permission", "pk": 132, "fields": {"name": "Can add form submission", "content_type": 41, "codename": "add_usersubmission"}}, {"model": "auth.permission", "pk": 133, "fields": {"name": "Can change form submission", "content_type": 41, "codename": "change_usersubmission"}}, {"model": "auth.permission", "pk": 134, "fields": {"name": "Can delete form submission", "content_type": 41, "codename": "delete_usersubmission"}}, {"model": "auth.permission", "pk": 135, "fields": {"name": "Can view form submission", "content_type": 41, "codename": "view_usersubmission"}}, {"model": "auth.permission", "pk": 136, "fields": {"name": "Can add survey form field", "content_type": 42, "codename": "add_surveyformfield"}}, {"model": "auth.permission", "pk": 137, "fields": {"name": "Can change survey form field", "content_type": 42, "codename": "change_surveyformfield"}}, {"model": "auth.permission", "pk": 138, "fields": {"name": "Can delete survey form field", "content_type": 42, "codename": "delete_surveyformfield"}}, {"model": "auth.permission", "pk": 139, "fields": {"name": "Can view survey form field", "content_type": 42, "codename": "view_surveyformfield"}}, {"model": "auth.permission", "pk": 140, "fields": {"name": "Can add quiz form field", "content_type": 43, "codename": "add_quizformfield"}}, {"model": "auth.permission", "pk": 141, "fields": {"name": "Can change quiz form field", "content_type": 43, "codename": "change_quizformfield"}}, {"model": "auth.permission", "pk": 142, "fields": {"name": "Can delete quiz form field", "content_type": 43, "codename": "delete_quizformfield"}}, {"model": "auth.permission", "pk": 143, "fields": {"name": "Can view quiz form field", "content_type": 43, "codename": "view_quizformfield"}}, {"model": "auth.permission", "pk": 144, "fields": {"name": "Can add poll form field", "content_type": 44, "codename": "add_pollformfield"}}, {"model": "auth.permission", "pk": 145, "fields": {"name": "Can change poll form field", "content_type": 44, "codename": "change_pollformfield"}}, {"model": "auth.permission", "pk": 146, "fields": {"name": "Can delete poll form field", "content_type": 44, "codename": "delete_pollformfield"}}, {"model": "auth.permission", "pk": 147, "fields": {"name": "Can view poll form field", "content_type": 44, "codename": "view_pollformfield"}}, {"model": "auth.permission", "pk": 148, "fields": {"name": "Can add poll index page", "content_type": 9, "codename": "add_pollindexpage"}}, {"model": "auth.permission", "pk": 149, "fields": {"name": "Can change poll index page", "content_type": 9, "codename": "change_pollindexpage"}}, {"model": "auth.permission", "pk": 150, "fields": {"name": "Can delete poll index page", "content_type": 9, "codename": "delete_pollindexpage"}}, {"model": "auth.permission", "pk": 151, "fields": {"name": "Can view poll index page", "content_type": 9, "codename": "view_pollindexpage"}}, {"model": "auth.permission", "pk": 152, "fields": {"name": "Can add quiz index page", "content_type": 11, "codename": "add_quizindexpage"}}, {"model": "auth.permission", "pk": 153, "fields": {"name": "Can change quiz index page", "content_type": 11, "codename": "change_quizindexpage"}}, {"model": "auth.permission", "pk": 154, "fields": {"name": "Can delete quiz index page", "content_type": 11, "codename": "delete_quizindexpage"}}, {"model": "auth.permission", "pk": 155, "fields": {"name": "Can view quiz index page", "content_type": 11, "codename": "view_quizindexpage"}}, {"model": "auth.permission", "pk": 156, "fields": {"name": "Can add survey index page", "content_type": 10, "codename": "add_surveyindexpage"}}, {"model": "auth.permission", "pk": 157, "fields": {"name": "Can change survey index page", "content_type": 10, "codename": "change_surveyindexpage"}}, {"model": "auth.permission", "pk": 158, "fields": {"name": "Can delete survey index page", "content_type": 10, "codename": "delete_surveyindexpage"}}, {"model": "auth.permission", "pk": 159, "fields": {"name": "Can view survey index page", "content_type": 10, "codename": "view_surveyindexpage"}}, {"model": "auth.permission", "pk": 160, "fields": {"name": "Can add chatbot channel", "content_type": 45, "codename": "add_chatbotchannel"}}, {"model": "auth.permission", "pk": 161, "fields": {"name": "Can change chatbot channel", "content_type": 45, "codename": "change_chatbotchannel"}}, {"model": "auth.permission", "pk": 162, "fields": {"name": "Can delete chatbot channel", "content_type": 45, "codename": "delete_chatbotchannel"}}, {"model": "auth.permission", "pk": 163, "fields": {"name": "Can view chatbot channel", "content_type": 45, "codename": "view_chatbotchannel"}}, {"model": "auth.permission", "pk": 164, "fields": {"name": "Can add thread", "content_type": 46, "codename": "add_thread"}}, {"model": "auth.permission", "pk": 165, "fields": {"name": "Can change thread", "content_type": 46, "codename": "change_thread"}}, {"model": "auth.permission", "pk": 166, "fields": {"name": "Can delete thread", "content_type": 46, "codename": "delete_thread"}}, {"model": "auth.permission", "pk": 167, "fields": {"name": "Can view thread", "content_type": 46, "codename": "view_thread"}}, {"model": "auth.permission", "pk": 168, "fields": {"name": "Can add user thread", "content_type": 47, "codename": "add_userthread"}}, {"model": "auth.permission", "pk": 169, "fields": {"name": "Can change user thread", "content_type": 47, "codename": "change_userthread"}}, {"model": "auth.permission", "pk": 170, "fields": {"name": "Can delete user thread", "content_type": 47, "codename": "delete_userthread"}}, {"model": "auth.permission", "pk": 171, "fields": {"name": "Can view user thread", "content_type": 47, "codename": "view_userthread"}}, {"model": "auth.permission", "pk": 172, "fields": {"name": "Can add message", "content_type": 48, "codename": "add_message"}}, {"model": "auth.permission", "pk": 173, "fields": {"name": "Can change message", "content_type": 48, "codename": "change_message"}}, {"model": "auth.permission", "pk": 174, "fields": {"name": "Can delete message", "content_type": 48, "codename": "delete_message"}}, {"model": "auth.permission", "pk": 175, "fields": {"name": "Can view message", "content_type": 48, "codename": "view_message"}}, {"model": "auth.permission", "pk": 176, "fields": {"name": "Can add attachment", "content_type": 49, "codename": "add_attachment"}}, {"model": "auth.permission", "pk": 177, "fields": {"name": "Can change attachment", "content_type": 49, "codename": "change_attachment"}}, {"model": "auth.permission", "pk": 178, "fields": {"name": "Can delete attachment", "content_type": 49, "codename": "delete_attachment"}}, {"model": "auth.permission", "pk": 179, "fields": {"name": "Can view attachment", "content_type": 49, "codename": "view_attachment"}}, {"model": "auth.permission", "pk": 180, "fields": {"name": "Can add string", "content_type": 50, "codename": "add_string"}}, {"model": "auth.permission", "pk": 181, "fields": {"name": "Can change string", "content_type": 50, "codename": "change_string"}}, {"model": "auth.permission", "pk": 182, "fields": {"name": "Can delete string", "content_type": 50, "codename": "delete_string"}}, {"model": "auth.permission", "pk": 183, "fields": {"name": "Can view string", "content_type": 50, "codename": "view_string"}}, {"model": "auth.permission", "pk": 184, "fields": {"name": "Can add template", "content_type": 51, "codename": "add_template"}}, {"model": "auth.permission", "pk": 185, "fields": {"name": "Can change template", "content_type": 51, "codename": "change_template"}}, {"model": "auth.permission", "pk": 186, "fields": {"name": "Can delete template", "content_type": 51, "codename": "delete_template"}}, {"model": "auth.permission", "pk": 187, "fields": {"name": "Can view template", "content_type": 51, "codename": "view_template"}}, {"model": "auth.permission", "pk": 188, "fields": {"name": "Can add translatable object", "content_type": 52, "codename": "add_translatableobject"}}, {"model": "auth.permission", "pk": 189, "fields": {"name": "Can change translatable object", "content_type": 52, "codename": "change_translatableobject"}}, {"model": "auth.permission", "pk": 190, "fields": {"name": "Can delete translatable object", "content_type": 52, "codename": "delete_translatableobject"}}, {"model": "auth.permission", "pk": 191, "fields": {"name": "Can view translatable object", "content_type": 52, "codename": "view_translatableobject"}}, {"model": "auth.permission", "pk": 192, "fields": {"name": "Can add translation source", "content_type": 53, "codename": "add_translationsource"}}, {"model": "auth.permission", "pk": 193, "fields": {"name": "Can change translation source", "content_type": 53, "codename": "change_translationsource"}}, {"model": "auth.permission", "pk": 194, "fields": {"name": "Can delete translation source", "content_type": 53, "codename": "delete_translationsource"}}, {"model": "auth.permission", "pk": 195, "fields": {"name": "Can view translation source", "content_type": 53, "codename": "view_translationsource"}}, {"model": "auth.permission", "pk": 196, "fields": {"name": "Can add translation log", "content_type": 54, "codename": "add_translationlog"}}, {"model": "auth.permission", "pk": 197, "fields": {"name": "Can change translation log", "content_type": 54, "codename": "change_translationlog"}}, {"model": "auth.permission", "pk": 198, "fields": {"name": "Can delete translation log", "content_type": 54, "codename": "delete_translationlog"}}, {"model": "auth.permission", "pk": 199, "fields": {"name": "Can view translation log", "content_type": 54, "codename": "view_translationlog"}}, {"model": "auth.permission", "pk": 200, "fields": {"name": "Can add translation context", "content_type": 55, "codename": "add_translationcontext"}}, {"model": "auth.permission", "pk": 201, "fields": {"name": "Can change translation context", "content_type": 55, "codename": "change_translationcontext"}}, {"model": "auth.permission", "pk": 202, "fields": {"name": "Can delete translation context", "content_type": 55, "codename": "delete_translationcontext"}}, {"model": "auth.permission", "pk": 203, "fields": {"name": "Can view translation context", "content_type": 55, "codename": "view_translationcontext"}}, {"model": "auth.permission", "pk": 204, "fields": {"name": "Can add template segment", "content_type": 56, "codename": "add_templatesegment"}}, {"model": "auth.permission", "pk": 205, "fields": {"name": "Can change template segment", "content_type": 56, "codename": "change_templatesegment"}}, {"model": "auth.permission", "pk": 206, "fields": {"name": "Can delete template segment", "content_type": 56, "codename": "delete_templatesegment"}}, {"model": "auth.permission", "pk": 207, "fields": {"name": "Can view template segment", "content_type": 56, "codename": "view_templatesegment"}}, {"model": "auth.permission", "pk": 208, "fields": {"name": "Can add string segment", "content_type": 57, "codename": "add_stringsegment"}}, {"model": "auth.permission", "pk": 209, "fields": {"name": "Can change string segment", "content_type": 57, "codename": "change_stringsegment"}}, {"model": "auth.permission", "pk": 210, "fields": {"name": "Can delete string segment", "content_type": 57, "codename": "delete_stringsegment"}}, {"model": "auth.permission", "pk": 211, "fields": {"name": "Can view string segment", "content_type": 57, "codename": "view_stringsegment"}}, {"model": "auth.permission", "pk": 212, "fields": {"name": "Can add related object segment", "content_type": 58, "codename": "add_relatedobjectsegment"}}, {"model": "auth.permission", "pk": 213, "fields": {"name": "Can change related object segment", "content_type": 58, "codename": "change_relatedobjectsegment"}}, {"model": "auth.permission", "pk": 214, "fields": {"name": "Can delete related object segment", "content_type": 58, "codename": "delete_relatedobjectsegment"}}, {"model": "auth.permission", "pk": 215, "fields": {"name": "Can view related object segment", "content_type": 58, "codename": "view_relatedobjectsegment"}}, {"model": "auth.permission", "pk": 216, "fields": {"name": "Can add string translation", "content_type": 59, "codename": "add_stringtranslation"}}, {"model": "auth.permission", "pk": 217, "fields": {"name": "Can change string translation", "content_type": 59, "codename": "change_stringtranslation"}}, {"model": "auth.permission", "pk": 218, "fields": {"name": "Can delete string translation", "content_type": 59, "codename": "delete_stringtranslation"}}, {"model": "auth.permission", "pk": 219, "fields": {"name": "Can view string translation", "content_type": 59, "codename": "view_stringtranslation"}}, {"model": "auth.permission", "pk": 220, "fields": {"name": "Can add translation", "content_type": 5, "codename": "add_translation"}}, {"model": "auth.permission", "pk": 221, "fields": {"name": "Can change translation", "content_type": 5, "codename": "change_translation"}}, {"model": "auth.permission", "pk": 222, "fields": {"name": "Can delete translation", "content_type": 5, "codename": "delete_translation"}}, {"model": "auth.permission", "pk": 223, "fields": {"name": "Can view translation", "content_type": 5, "codename": "view_translation"}}, {"model": "auth.permission", "pk": 224, "fields": {"name": "Can add overridable segment", "content_type": 60, "codename": "add_overridablesegment"}}, {"model": "auth.permission", "pk": 225, "fields": {"name": "Can change overridable segment", "content_type": 60, "codename": "change_overridablesegment"}}, {"model": "auth.permission", "pk": 226, "fields": {"name": "Can delete overridable segment", "content_type": 60, "codename": "delete_overridablesegment"}}, {"model": "auth.permission", "pk": 227, "fields": {"name": "Can view overridable segment", "content_type": 60, "codename": "view_overridablesegment"}}, {"model": "auth.permission", "pk": 228, "fields": {"name": "Can add segment override", "content_type": 61, "codename": "add_segmentoverride"}}, {"model": "auth.permission", "pk": 229, "fields": {"name": "Can change segment override", "content_type": 61, "codename": "change_segmentoverride"}}, {"model": "auth.permission", "pk": 230, "fields": {"name": "Can delete segment override", "content_type": 61, "codename": "delete_segmentoverride"}}, {"model": "auth.permission", "pk": 231, "fields": {"name": "Can view segment override", "content_type": 61, "codename": "view_segmentoverride"}}, {"model": "auth.permission", "pk": 232, "fields": {"name": "Can add locale synchronization", "content_type": 62, "codename": "add_localesynchronization"}}, {"model": "auth.permission", "pk": 233, "fields": {"name": "Can change locale synchronization", "content_type": 62, "codename": "change_localesynchronization"}}, {"model": "auth.permission", "pk": 234, "fields": {"name": "Can delete locale synchronization", "content_type": 62, "codename": "delete_localesynchronization"}}, {"model": "auth.permission", "pk": 235, "fields": {"name": "Can view locale synchronization", "content_type": 62, "codename": "view_localesynchronization"}}, {"model": "auth.permission", "pk": 236, "fields": {"name": "Can add form submission", "content_type": 63, "codename": "add_formsubmission"}}, {"model": "auth.permission", "pk": 237, "fields": {"name": "Can change form submission", "content_type": 63, "codename": "change_formsubmission"}}, {"model": "auth.permission", "pk": 238, "fields": {"name": "Can delete form submission", "content_type": 63, "codename": "delete_formsubmission"}}, {"model": "auth.permission", "pk": 239, "fields": {"name": "Can view form submission", "content_type": 63, "codename": "view_formsubmission"}}, {"model": "auth.permission", "pk": 240, "fields": {"name": "Can add redirect", "content_type": 64, "codename": "add_redirect"}}, {"model": "auth.permission", "pk": 241, "fields": {"name": "Can change redirect", "content_type": 64, "codename": "change_redirect"}}, {"model": "auth.permission", "pk": 242, "fields": {"name": "Can delete redirect", "content_type": 64, "codename": "delete_redirect"}}, {"model": "auth.permission", "pk": 243, "fields": {"name": "Can view redirect", "content_type": 64, "codename": "view_redirect"}}, {"model": "auth.permission", "pk": 244, "fields": {"name": "Can add embed", "content_type": 65, "codename": "add_embed"}}, {"model": "auth.permission", "pk": 245, "fields": {"name": "Can change embed", "content_type": 65, "codename": "change_embed"}}, {"model": "auth.permission", "pk": 246, "fields": {"name": "Can delete embed", "content_type": 65, "codename": "delete_embed"}}, {"model": "auth.permission", "pk": 247, "fields": {"name": "Can view embed", "content_type": 65, "codename": "view_embed"}}, {"model": "auth.permission", "pk": 248, "fields": {"name": "Can add user profile", "content_type": 66, "codename": "add_userprofile"}}, {"model": "auth.permission", "pk": 249, "fields": {"name": "Can change user profile", "content_type": 66, "codename": "change_userprofile"}}, {"model": "auth.permission", "pk": 250, "fields": {"name": "Can delete user profile", "content_type": 66, "codename": "delete_userprofile"}}, {"model": "auth.permission", "pk": 251, "fields": {"name": "Can view user profile", "content_type": 66, "codename": "view_userprofile"}}, {"model": "auth.permission", "pk": 252, "fields": {"name": "Can view document", "content_type": 13, "codename": "view_document"}}, {"model": "auth.permission", "pk": 253, "fields": {"name": "Can view image", "content_type": 3, "codename": "view_image"}}, {"model": "auth.permission", "pk": 254, "fields": {"name": "Can add rendition", "content_type": 67, "codename": "add_rendition"}}, {"model": "auth.permission", "pk": 255, "fields": {"name": "Can change rendition", "content_type": 67, "codename": "change_rendition"}}, {"model": "auth.permission", "pk": 256, "fields": {"name": "Can delete rendition", "content_type": 67, "codename": "delete_rendition"}}, {"model": "auth.permission", "pk": 257, "fields": {"name": "Can view rendition", "content_type": 67, "codename": "view_rendition"}}, {"model": "auth.permission", "pk": 258, "fields": {"name": "Can add uploaded image", "content_type": 68, "codename": "add_uploadedimage"}}, {"model": "auth.permission", "pk": 259, "fields": {"name": "Can change uploaded image", "content_type": 68, "codename": "change_uploadedimage"}}, {"model": "auth.permission", "pk": 260, "fields": {"name": "Can delete uploaded image", "content_type": 68, "codename": "delete_uploadedimage"}}, {"model": "auth.permission", "pk": 261, "fields": {"name": "Can view uploaded image", "content_type": 68, "codename": "view_uploadedimage"}}, {"model": "auth.permission", "pk": 262, "fields": {"name": "Can add query", "content_type": 69, "codename": "add_query"}}, {"model": "auth.permission", "pk": 263, "fields": {"name": "Can change query", "content_type": 69, "codename": "change_query"}}, {"model": "auth.permission", "pk": 264, "fields": {"name": "Can delete query", "content_type": 69, "codename": "delete_query"}}, {"model": "auth.permission", "pk": 265, "fields": {"name": "Can view query", "content_type": 69, "codename": "view_query"}}, {"model": "auth.permission", "pk": 266, "fields": {"name": "Can add Query Daily Hits", "content_type": 70, "codename": "add_querydailyhits"}}, {"model": "auth.permission", "pk": 267, "fields": {"name": "Can change Query Daily Hits", "content_type": 70, "codename": "change_querydailyhits"}}, {"model": "auth.permission", "pk": 268, "fields": {"name": "Can delete Query Daily Hits", "content_type": 70, "codename": "delete_querydailyhits"}}, {"model": "auth.permission", "pk": 269, "fields": {"name": "Can view Query Daily Hits", "content_type": 70, "codename": "view_querydailyhits"}}, {"model": "auth.permission", "pk": 270, "fields": {"name": "Can add page", "content_type": 1, "codename": "add_page"}}, {"model": "auth.permission", "pk": 271, "fields": {"name": "Can change page", "content_type": 1, "codename": "change_page"}}, {"model": "auth.permission", "pk": 272, "fields": {"name": "Can delete page", "content_type": 1, "codename": "delete_page"}}, {"model": "auth.permission", "pk": 273, "fields": {"name": "Can view page", "content_type": 1, "codename": "view_page"}}, {"model": "auth.permission", "pk": 274, "fields": {"name": "Can add group page permission", "content_type": 71, "codename": "add_grouppagepermission"}}, {"model": "auth.permission", "pk": 275, "fields": {"name": "Can change group page permission", "content_type": 71, "codename": "change_grouppagepermission"}}, {"model": "auth.permission", "pk": 276, "fields": {"name": "Can delete group page permission", "content_type": 71, "codename": "delete_grouppagepermission"}}, {"model": "auth.permission", "pk": 277, "fields": {"name": "Can view group page permission", "content_type": 71, "codename": "view_grouppagepermission"}}, {"model": "auth.permission", "pk": 278, "fields": {"name": "Can add page revision", "content_type": 72, "codename": "add_pagerevision"}}, {"model": "auth.permission", "pk": 279, "fields": {"name": "Can change page revision", "content_type": 72, "codename": "change_pagerevision"}}, {"model": "auth.permission", "pk": 280, "fields": {"name": "Can delete page revision", "content_type": 72, "codename": "delete_pagerevision"}}, {"model": "auth.permission", "pk": 281, "fields": {"name": "Can view page revision", "content_type": 72, "codename": "view_pagerevision"}}, {"model": "auth.permission", "pk": 282, "fields": {"name": "Can add page view restriction", "content_type": 73, "codename": "add_pageviewrestriction"}}, {"model": "auth.permission", "pk": 283, "fields": {"name": "Can change page view restriction", "content_type": 73, "codename": "change_pageviewrestriction"}}, {"model": "auth.permission", "pk": 284, "fields": {"name": "Can delete page view restriction", "content_type": 73, "codename": "delete_pageviewrestriction"}}, {"model": "auth.permission", "pk": 285, "fields": {"name": "Can view page view restriction", "content_type": 73, "codename": "view_pageviewrestriction"}}, {"model": "auth.permission", "pk": 286, "fields": {"name": "Can add site", "content_type": 74, "codename": "add_site"}}, {"model": "auth.permission", "pk": 287, "fields": {"name": "Can change site", "content_type": 74, "codename": "change_site"}}, {"model": "auth.permission", "pk": 288, "fields": {"name": "Can delete site", "content_type": 74, "codename": "delete_site"}}, {"model": "auth.permission", "pk": 289, "fields": {"name": "Can view site", "content_type": 74, "codename": "view_site"}}, {"model": "auth.permission", "pk": 290, "fields": {"name": "Can add collection", "content_type": 75, "codename": "add_collection"}}, {"model": "auth.permission", "pk": 291, "fields": {"name": "Can change collection", "content_type": 75, "codename": "change_collection"}}, {"model": "auth.permission", "pk": 292, "fields": {"name": "Can delete collection", "content_type": 75, "codename": "delete_collection"}}, {"model": "auth.permission", "pk": 293, "fields": {"name": "Can view collection", "content_type": 75, "codename": "view_collection"}}, {"model": "auth.permission", "pk": 294, "fields": {"name": "Can add group collection permission", "content_type": 76, "codename": "add_groupcollectionpermission"}}, {"model": "auth.permission", "pk": 295, "fields": {"name": "Can change group collection permission", "content_type": 76, "codename": "change_groupcollectionpermission"}}, {"model": "auth.permission", "pk": 296, "fields": {"name": "Can delete group collection permission", "content_type": 76, "codename": "delete_groupcollectionpermission"}}, {"model": "auth.permission", "pk": 297, "fields": {"name": "Can view group collection permission", "content_type": 76, "codename": "view_groupcollectionpermission"}}, {"model": "auth.permission", "pk": 298, "fields": {"name": "Can add collection view restriction", "content_type": 77, "codename": "add_collectionviewrestriction"}}, {"model": "auth.permission", "pk": 299, "fields": {"name": "Can change collection view restriction", "content_type": 77, "codename": "change_collectionviewrestriction"}}, {"model": "auth.permission", "pk": 300, "fields": {"name": "Can delete collection view restriction", "content_type": 77, "codename": "delete_collectionviewrestriction"}}, {"model": "auth.permission", "pk": 301, "fields": {"name": "Can view collection view restriction", "content_type": 77, "codename": "view_collectionviewrestriction"}}, {"model": "auth.permission", "pk": 302, "fields": {"name": "Can add task", "content_type": 78, "codename": "add_task"}}, {"model": "auth.permission", "pk": 303, "fields": {"name": "Can change task", "content_type": 78, "codename": "change_task"}}, {"model": "auth.permission", "pk": 304, "fields": {"name": "Can delete task", "content_type": 78, "codename": "delete_task"}}, {"model": "auth.permission", "pk": 305, "fields": {"name": "Can view task", "content_type": 78, "codename": "view_task"}}, {"model": "auth.permission", "pk": 306, "fields": {"name": "Can add Task state", "content_type": 79, "codename": "add_taskstate"}}, {"model": "auth.permission", "pk": 307, "fields": {"name": "Can change Task state", "content_type": 79, "codename": "change_taskstate"}}, {"model": "auth.permission", "pk": 308, "fields": {"name": "Can delete Task state", "content_type": 79, "codename": "delete_taskstate"}}, {"model": "auth.permission", "pk": 309, "fields": {"name": "Can view Task state", "content_type": 79, "codename": "view_taskstate"}}, {"model": "auth.permission", "pk": 310, "fields": {"name": "Can add workflow", "content_type": 80, "codename": "add_workflow"}}, {"model": "auth.permission", "pk": 311, "fields": {"name": "Can change workflow", "content_type": 80, "codename": "change_workflow"}}, {"model": "auth.permission", "pk": 312, "fields": {"name": "Can delete workflow", "content_type": 80, "codename": "delete_workflow"}}, {"model": "auth.permission", "pk": 313, "fields": {"name": "Can view workflow", "content_type": 80, "codename": "view_workflow"}}, {"model": "auth.permission", "pk": 314, "fields": {"name": "Can add Group approval task", "content_type": 2, "codename": "add_groupapprovaltask"}}, {"model": "auth.permission", "pk": 315, "fields": {"name": "Can change Group approval task", "content_type": 2, "codename": "change_groupapprovaltask"}}, {"model": "auth.permission", "pk": 316, "fields": {"name": "Can delete Group approval task", "content_type": 2, "codename": "delete_groupapprovaltask"}}, {"model": "auth.permission", "pk": 317, "fields": {"name": "Can view Group approval task", "content_type": 2, "codename": "view_groupapprovaltask"}}, {"model": "auth.permission", "pk": 318, "fields": {"name": "Can add Workflow state", "content_type": 81, "codename": "add_workflowstate"}}, {"model": "auth.permission", "pk": 319, "fields": {"name": "Can change Workflow state", "content_type": 81, "codename": "change_workflowstate"}}, {"model": "auth.permission", "pk": 320, "fields": {"name": "Can delete Workflow state", "content_type": 81, "codename": "delete_workflowstate"}}, {"model": "auth.permission", "pk": 321, "fields": {"name": "Can view Workflow state", "content_type": 81, "codename": "view_workflowstate"}}, {"model": "auth.permission", "pk": 322, "fields": {"name": "Can add workflow page", "content_type": 82, "codename": "add_workflowpage"}}, {"model": "auth.permission", "pk": 323, "fields": {"name": "Can change workflow page", "content_type": 82, "codename": "change_workflowpage"}}, {"model": "auth.permission", "pk": 324, "fields": {"name": "Can delete workflow page", "content_type": 82, "codename": "delete_workflowpage"}}, {"model": "auth.permission", "pk": 325, "fields": {"name": "Can view workflow page", "content_type": 82, "codename": "view_workflowpage"}}, {"model": "auth.permission", "pk": 326, "fields": {"name": "Can add workflow task order", "content_type": 83, "codename": "add_workflowtask"}}, {"model": "auth.permission", "pk": 327, "fields": {"name": "Can change workflow task order", "content_type": 83, "codename": "change_workflowtask"}}, {"model": "auth.permission", "pk": 328, "fields": {"name": "Can delete workflow task order", "content_type": 83, "codename": "delete_workflowtask"}}, {"model": "auth.permission", "pk": 329, "fields": {"name": "Can view workflow task order", "content_type": 83, "codename": "view_workflowtask"}}, {"model": "auth.permission", "pk": 330, "fields": {"name": "Can add page log entry", "content_type": 84, "codename": "add_pagelogentry"}}, {"model": "auth.permission", "pk": 331, "fields": {"name": "Can change page log entry", "content_type": 84, "codename": "change_pagelogentry"}}, {"model": "auth.permission", "pk": 332, "fields": {"name": "Can delete page log entry", "content_type": 84, "codename": "delete_pagelogentry"}}, {"model": "auth.permission", "pk": 333, "fields": {"name": "Can view page log entry", "content_type": 84, "codename": "view_pagelogentry"}}, {"model": "auth.permission", "pk": 334, "fields": {"name": "Can add locale", "content_type": 85, "codename": "add_locale"}}, {"model": "auth.permission", "pk": 335, "fields": {"name": "Can change locale", "content_type": 85, "codename": "change_locale"}}, {"model": "auth.permission", "pk": 336, "fields": {"name": "Can delete locale", "content_type": 85, "codename": "delete_locale"}}, {"model": "auth.permission", "pk": 337, "fields": {"name": "Can view locale", "content_type": 85, "codename": "view_locale"}}, {"model": "auth.permission", "pk": 338, "fields": {"name": "Can add flat menu", "content_type": 86, "codename": "add_flatmenu"}}, {"model": "auth.permission", "pk": 339, "fields": {"name": "Can change flat menu", "content_type": 86, "codename": "change_flatmenu"}}, {"model": "auth.permission", "pk": 340, "fields": {"name": "Can delete flat menu", "content_type": 86, "codename": "delete_flatmenu"}}, {"model": "auth.permission", "pk": 341, "fields": {"name": "Can view flat menu", "content_type": 86, "codename": "view_flatmenu"}}, {"model": "auth.permission", "pk": 342, "fields": {"name": "Can add menu item", "content_type": 87, "codename": "add_flatmenuitem"}}, {"model": "auth.permission", "pk": 343, "fields": {"name": "Can change menu item", "content_type": 87, "codename": "change_flatmenuitem"}}, {"model": "auth.permission", "pk": 344, "fields": {"name": "Can delete menu item", "content_type": 87, "codename": "delete_flatmenuitem"}}, {"model": "auth.permission", "pk": 345, "fields": {"name": "Can view menu item", "content_type": 87, "codename": "view_flatmenuitem"}}, {"model": "auth.permission", "pk": 346, "fields": {"name": "Can add main menu", "content_type": 88, "codename": "add_mainmenu"}}, {"model": "auth.permission", "pk": 347, "fields": {"name": "Can change main menu", "content_type": 88, "codename": "change_mainmenu"}}, {"model": "auth.permission", "pk": 348, "fields": {"name": "Can delete main menu", "content_type": 88, "codename": "delete_mainmenu"}}, {"model": "auth.permission", "pk": 349, "fields": {"name": "Can view main menu", "content_type": 88, "codename": "view_mainmenu"}}, {"model": "auth.permission", "pk": 350, "fields": {"name": "Can add menu item", "content_type": 89, "codename": "add_mainmenuitem"}}, {"model": "auth.permission", "pk": 351, "fields": {"name": "Can change menu item", "content_type": 89, "codename": "change_mainmenuitem"}}, {"model": "auth.permission", "pk": 352, "fields": {"name": "Can delete menu item", "content_type": 89, "codename": "delete_mainmenuitem"}}, {"model": "auth.permission", "pk": 353, "fields": {"name": "Can view menu item", "content_type": 89, "codename": "view_mainmenuitem"}}, {"model": "auth.permission", "pk": 354, "fields": {"name": "Can view media", "content_type": 14, "codename": "view_media"}}, {"model": "auth.permission", "pk": 355, "fields": {"name": "Can add id mapping", "content_type": 90, "codename": "add_idmapping"}}, {"model": "auth.permission", "pk": 356, "fields": {"name": "Can change id mapping", "content_type": 90, "codename": "change_idmapping"}}, {"model": "auth.permission", "pk": 357, "fields": {"name": "Can delete id mapping", "content_type": 90, "codename": "delete_idmapping"}}, {"model": "auth.permission", "pk": 358, "fields": {"name": "Can view id mapping", "content_type": 90, "codename": "view_idmapping"}}, {"model": "auth.permission", "pk": 359, "fields": {"name": "Can add imported file", "content_type": 91, "codename": "add_importedfile"}}, {"model": "auth.permission", "pk": 360, "fields": {"name": "Can change imported file", "content_type": 91, "codename": "change_importedfile"}}, {"model": "auth.permission", "pk": 361, "fields": {"name": "Can delete imported file", "content_type": 91, "codename": "delete_importedfile"}}, {"model": "auth.permission", "pk": 362, "fields": {"name": "Can view imported file", "content_type": 91, "codename": "view_importedfile"}}, {"model": "auth.permission", "pk": 363, "fields": {"name": "Can add svg", "content_type": 92, "codename": "add_svg"}}, {"model": "auth.permission", "pk": 364, "fields": {"name": "Can change svg", "content_type": 92, "codename": "change_svg"}}, {"model": "auth.permission", "pk": 365, "fields": {"name": "Can delete svg", "content_type": 92, "codename": "delete_svg"}}, {"model": "auth.permission", "pk": 366, "fields": {"name": "Can view svg", "content_type": 92, "codename": "view_svg"}}, {"model": "auth.permission", "pk": 367, "fields": {"name": "Can add comment", "content_type": 93, "codename": "add_xtdcomment"}}, {"model": "auth.permission", "pk": 368, "fields": {"name": "Can change comment", "content_type": 93, "codename": "change_xtdcomment"}}, {"model": "auth.permission", "pk": 369, "fields": {"name": "Can delete comment", "content_type": 93, "codename": "delete_xtdcomment"}}, {"model": "auth.permission", "pk": 370, "fields": {"name": "Can view comment", "content_type": 93, "codename": "view_xtdcomment"}}, {"model": "auth.permission", "pk": 371, "fields": {"name": "Can moderate comments", "content_type": 93, "codename": "can_moderate"}}, {"model": "auth.permission", "pk": 372, "fields": {"name": "Can add black listed domain", "content_type": 94, "codename": "add_blacklisteddomain"}}, {"model": "auth.permission", "pk": 373, "fields": {"name": "Can change black listed domain", "content_type": 94, "codename": "change_blacklisteddomain"}}, {"model": "auth.permission", "pk": 374, "fields": {"name": "Can delete black listed domain", "content_type": 94, "codename": "delete_blacklisteddomain"}}, {"model": "auth.permission", "pk": 375, "fields": {"name": "Can view black listed domain", "content_type": 94, "codename": "view_blacklisteddomain"}}, {"model": "auth.permission", "pk": 376, "fields": {"name": "Can add comment", "content_type": 95, "codename": "add_comment"}}, {"model": "auth.permission", "pk": 377, "fields": {"name": "Can change comment", "content_type": 95, "codename": "change_comment"}}, {"model": "auth.permission", "pk": 378, "fields": {"name": "Can delete comment", "content_type": 95, "codename": "delete_comment"}}, {"model": "auth.permission", "pk": 379, "fields": {"name": "Can view comment", "content_type": 95, "codename": "view_comment"}}, {"model": "auth.permission", "pk": 380, "fields": {"name": "Can moderate comments", "content_type": 95, "codename": "can_moderate"}}, {"model": "auth.permission", "pk": 381, "fields": {"name": "Can add comment flag", "content_type": 96, "codename": "add_commentflag"}}, {"model": "auth.permission", "pk": 382, "fields": {"name": "Can change comment flag", "content_type": 96, "codename": "change_commentflag"}}, {"model": "auth.permission", "pk": 383, "fields": {"name": "Can delete comment flag", "content_type": 96, "codename": "delete_commentflag"}}, {"model": "auth.permission", "pk": 384, "fields": {"name": "Can view comment flag", "content_type": 96, "codename": "view_commentflag"}}, {"model": "auth.permission", "pk": 385, "fields": {"name": "Can add tag", "content_type": 97, "codename": "add_tag"}}, {"model": "auth.permission", "pk": 386, "fields": {"name": "Can change tag", "content_type": 97, "codename": "change_tag"}}, {"model": "auth.permission", "pk": 387, "fields": {"name": "Can delete tag", "content_type": 97, "codename": "delete_tag"}}, {"model": "auth.permission", "pk": 388, "fields": {"name": "Can view tag", "content_type": 97, "codename": "view_tag"}}, {"model": "auth.permission", "pk": 389, "fields": {"name": "Can add tagged item", "content_type": 98, "codename": "add_taggeditem"}}, {"model": "auth.permission", "pk": 390, "fields": {"name": "Can change tagged item", "content_type": 98, "codename": "change_taggeditem"}}, {"model": "auth.permission", "pk": 391, "fields": {"name": "Can delete tagged item", "content_type": 98, "codename": "delete_taggeditem"}}, {"model": "auth.permission", "pk": 392, "fields": {"name": "Can view tagged item", "content_type": 98, "codename": "view_taggeditem"}}, {"model": "auth.permission", "pk": 393, "fields": {"name": "Can add email address", "content_type": 99, "codename": "add_emailaddress"}}, {"model": "auth.permission", "pk": 394, "fields": {"name": "Can change email address", "content_type": 99, "codename": "change_emailaddress"}}, {"model": "auth.permission", "pk": 395, "fields": {"name": "Can delete email address", "content_type": 99, "codename": "delete_emailaddress"}}, {"model": "auth.permission", "pk": 396, "fields": {"name": "Can view email address", "content_type": 99, "codename": "view_emailaddress"}}, {"model": "auth.permission", "pk": 397, "fields": {"name": "Can add email confirmation", "content_type": 100, "codename": "add_emailconfirmation"}}, {"model": "auth.permission", "pk": 398, "fields": {"name": "Can change email confirmation", "content_type": 100, "codename": "change_emailconfirmation"}}, {"model": "auth.permission", "pk": 399, "fields": {"name": "Can delete email confirmation", "content_type": 100, "codename": "delete_emailconfirmation"}}, {"model": "auth.permission", "pk": 400, "fields": {"name": "Can view email confirmation", "content_type": 100, "codename": "view_emailconfirmation"}}, {"model": "auth.permission", "pk": 401, "fields": {"name": "Can add social account", "content_type": 101, "codename": "add_socialaccount"}}, {"model": "auth.permission", "pk": 402, "fields": {"name": "Can change social account", "content_type": 101, "codename": "change_socialaccount"}}, {"model": "auth.permission", "pk": 403, "fields": {"name": "Can delete social account", "content_type": 101, "codename": "delete_socialaccount"}}, {"model": "auth.permission", "pk": 404, "fields": {"name": "Can view social account", "content_type": 101, "codename": "view_socialaccount"}}, {"model": "auth.permission", "pk": 405, "fields": {"name": "Can add social application", "content_type": 102, "codename": "add_socialapp"}}, {"model": "auth.permission", "pk": 406, "fields": {"name": "Can change social application", "content_type": 102, "codename": "change_socialapp"}}, {"model": "auth.permission", "pk": 407, "fields": {"name": "Can delete social application", "content_type": 102, "codename": "delete_socialapp"}}, {"model": "auth.permission", "pk": 408, "fields": {"name": "Can view social application", "content_type": 102, "codename": "view_socialapp"}}, {"model": "auth.permission", "pk": 409, "fields": {"name": "Can add social application token", "content_type": 103, "codename": "add_socialtoken"}}, {"model": "auth.permission", "pk": 410, "fields": {"name": "Can change social application token", "content_type": 103, "codename": "change_socialtoken"}}, {"model": "auth.permission", "pk": 411, "fields": {"name": "Can delete social application token", "content_type": 103, "codename": "delete_socialtoken"}}, {"model": "auth.permission", "pk": 412, "fields": {"name": "Can view social application token", "content_type": 103, "codename": "view_socialtoken"}}, {"model": "auth.permission", "pk": 413, "fields": {"name": "Can add Language backup", "content_type": 104, "codename": "add_translationbackup"}}, {"model": "auth.permission", "pk": 414, "fields": {"name": "Can change Language backup", "content_type": 104, "codename": "change_translationbackup"}}, {"model": "auth.permission", "pk": 415, "fields": {"name": "Can delete Language backup", "content_type": 104, "codename": "delete_translationbackup"}}, {"model": "auth.permission", "pk": 416, "fields": {"name": "Can view Language backup", "content_type": 104, "codename": "view_translationbackup"}}, {"model": "auth.permission", "pk": 417, "fields": {"name": "Can add Translation entry", "content_type": 105, "codename": "add_translationentry"}}, {"model": "auth.permission", "pk": 418, "fields": {"name": "Can change Translation entry", "content_type": 105, "codename": "change_translationentry"}}, {"model": "auth.permission", "pk": 419, "fields": {"name": "Can delete Translation entry", "content_type": 105, "codename": "delete_translationentry"}}, {"model": "auth.permission", "pk": 420, "fields": {"name": "Can view Translation entry", "content_type": 105, "codename": "view_translationentry"}}, {"model": "auth.permission", "pk": 421, "fields": {"name": "admin-translation_entry-load-from-po", "content_type": 105, "codename": "load"}}, {"model": "auth.permission", "pk": 422, "fields": {"name": "Can add remote translation entry", "content_type": 106, "codename": "add_remotetranslationentry"}}, {"model": "auth.permission", "pk": 423, "fields": {"name": "Can change remote translation entry", "content_type": 106, "codename": "change_remotetranslationentry"}}, {"model": "auth.permission", "pk": 424, "fields": {"name": "Can delete remote translation entry", "content_type": 106, "codename": "delete_remotetranslationentry"}}, {"model": "auth.permission", "pk": 425, "fields": {"name": "Can view remote translation entry", "content_type": 106, "codename": "view_remotetranslationentry"}}, {"model": "auth.permission", "pk": 426, "fields": {"name": "admin-translation_entry-sync", "content_type": 106, "codename": "sync"}}, {"model": "auth.permission", "pk": 427, "fields": {"name": "Can add proxy translation entry", "content_type": 107, "codename": "add_proxytranslationentry"}}, {"model": "auth.permission", "pk": 428, "fields": {"name": "Can change proxy translation entry", "content_type": 107, "codename": "change_proxytranslationentry"}}, {"model": "auth.permission", "pk": 429, "fields": {"name": "Can delete proxy translation entry", "content_type": 107, "codename": "delete_proxytranslationentry"}}, {"model": "auth.permission", "pk": 430, "fields": {"name": "Can view proxy translation entry", "content_type": 107, "codename": "view_proxytranslationentry"}}, {"model": "auth.permission", "pk": 431, "fields": {"name": "Can add test model", "content_type": 108, "codename": "add_testmodel"}}, {"model": "auth.permission", "pk": 432, "fields": {"name": "Can change test model", "content_type": 108, "codename": "change_testmodel"}}, {"model": "auth.permission", "pk": 433, "fields": {"name": "Can delete test model", "content_type": 108, "codename": "delete_testmodel"}}, {"model": "auth.permission", "pk": 434, "fields": {"name": "Can view test model", "content_type": 108, "codename": "view_testmodel"}}, {"model": "auth.permission", "pk": 435, "fields": {"name": "Can add log entry", "content_type": 109, "codename": "add_logentry"}}, {"model": "auth.permission", "pk": 436, "fields": {"name": "Can change log entry", "content_type": 109, "codename": "change_logentry"}}, {"model": "auth.permission", "pk": 437, "fields": {"name": "Can delete log entry", "content_type": 109, "codename": "delete_logentry"}}, {"model": "auth.permission", "pk": 438, "fields": {"name": "Can view log entry", "content_type": 109, "codename": "view_logentry"}}, {"model": "auth.permission", "pk": 439, "fields": {"name": "Can add permission", "content_type": 110, "codename": "add_permission"}}, {"model": "auth.permission", "pk": 440, "fields": {"name": "Can change permission", "content_type": 110, "codename": "change_permission"}}, {"model": "auth.permission", "pk": 441, "fields": {"name": "Can delete permission", "content_type": 110, "codename": "delete_permission"}}, {"model": "auth.permission", "pk": 442, "fields": {"name": "Can view permission", "content_type": 110, "codename": "view_permission"}}, {"model": "auth.permission", "pk": 443, "fields": {"name": "Can add group", "content_type": 111, "codename": "add_group"}}, {"model": "auth.permission", "pk": 444, "fields": {"name": "Can change group", "content_type": 111, "codename": "change_group"}}, {"model": "auth.permission", "pk": 445, "fields": {"name": "Can delete group", "content_type": 111, "codename": "delete_group"}}, {"model": "auth.permission", "pk": 446, "fields": {"name": "Can view group", "content_type": 111, "codename": "view_group"}}, {"model": "auth.permission", "pk": 447, "fields": {"name": "Can add content type", "content_type": 112, "codename": "add_contenttype"}}, {"model": "auth.permission", "pk": 448, "fields": {"name": "Can change content type", "content_type": 112, "codename": "change_contenttype"}}, {"model": "auth.permission", "pk": 449, "fields": {"name": "Can delete content type", "content_type": 112, "codename": "delete_contenttype"}}, {"model": "auth.permission", "pk": 450, "fields": {"name": "Can view content type", "content_type": 112, "codename": "view_contenttype"}}, {"model": "auth.permission", "pk": 451, "fields": {"name": "Can add session", "content_type": 113, "codename": "add_session"}}, {"model": "auth.permission", "pk": 452, "fields": {"name": "Can change session", "content_type": 113, "codename": "change_session"}}, {"model": "auth.permission", "pk": 453, "fields": {"name": "Can delete session", "content_type": 113, "codename": "delete_session"}}, {"model": "auth.permission", "pk": 454, "fields": {"name": "Can view session", "content_type": 113, "codename": "view_session"}}, {"model": "auth.permission", "pk": 455, "fields": {"name": "Can add site", "content_type": 114, "codename": "add_site"}}, {"model": "auth.permission", "pk": 456, "fields": {"name": "Can change site", "content_type": 114, "codename": "change_site"}}, {"model": "auth.permission", "pk": 457, "fields": {"name": "Can delete site", "content_type": 114, "codename": "delete_site"}}, {"model": "auth.permission", "pk": 458, "fields": {"name": "Can view site", "content_type": 114, "codename": "view_site"}}, {"model": "auth.group", "pk": 1, "fields": {"name": "Moderators", "permissions": [4, 5, 6, 7, 8, 1, 2, 3, 9, 10, 11]}}, {"model": "auth.group", "pk": 2, "fields": {"name": "Editors", "permissions": [4, 5, 6, 7, 8, 1, 2, 3, 9, 10, 11]}}, {"model": "contenttypes.contenttype", "pk": 1, "fields": {"app_label": "wagtailcore", "model": "page"}}, {"model": "contenttypes.contenttype", "pk": 2, "fields": {"app_label": "wagtailcore", "model": "groupapprovaltask"}}, {"model": "contenttypes.contenttype", "pk": 3, "fields": {"app_label": "wagtailimages", "model": "image"}}, {"model": "contenttypes.contenttype", "pk": 4, "fields": {"app_label": "home", "model": "homepage"}}, {"model": "contenttypes.contenttype", "pk": 5, "fields": {"app_label": "wagtail_localize", "model": "translation"}}, {"model": "contenttypes.contenttype", "pk": 6, "fields": {"app_label": "home", "model": "bannerindexpage"}}, {"model": "contenttypes.contenttype", "pk": 7, "fields": {"app_label": "home", "model": "footerindexpage"}}, {"model": "contenttypes.contenttype", "pk": 8, "fields": {"app_label": "home", "model": "sectionindexpage"}}, {"model": "contenttypes.contenttype", "pk": 9, "fields": {"app_label": "questionnaires", "model": "pollindexpage"}}, {"model": "contenttypes.contenttype", "pk": 10, "fields": {"app_label": "questionnaires", "model": "surveyindexpage"}}, {"model": "contenttypes.contenttype", "pk": 11, "fields": {"app_label": "questionnaires", "model": "quizindexpage"}}, {"model": "contenttypes.contenttype", "pk": 12, "fields": {"app_label": "wagtailadmin", "model": "admin"}}, {"model": "contenttypes.contenttype", "pk": 13, "fields": {"app_label": "wagtaildocs", "model": "document"}}, {"model": "contenttypes.contenttype", "pk": 14, "fields": {"app_label": "wagtailmedia", "model": "media"}}, {"model": "contenttypes.contenttype", "pk": 15, "fields": {"app_label": "home", "model": "article"}}, {"model": "contenttypes.contenttype", "pk": 16, "fields": {"app_label": "home", "model": "articlerecommendation"}}, {"model": "contenttypes.contenttype", "pk": 17, "fields": {"app_label": "home", "model": "articletaggeditem"}}, {"model": "contenttypes.contenttype", "pk": 18, "fields": {"app_label": "home", "model": "bannerpage"}}, {"model": "contenttypes.contenttype", "pk": 19, "fields": {"app_label": "home", "model": "featuredcontent"}}, {"model": "contenttypes.contenttype", "pk": 20, "fields": {"app_label": "home", "model": "homepagebanner"}}, {"model": "contenttypes.contenttype", "pk": 21, "fields": {"app_label": "home", "model": "iogtflatmenuitem"}}, {"model": "contenttypes.contenttype", "pk": 22, "fields": {"app_label": "home", "model": "section"}}, {"model": "contenttypes.contenttype", "pk": 23, "fields": {"app_label": "home", "model": "sectiontaggeditem"}}, {"model": "contenttypes.contenttype", "pk": 24, "fields": {"app_label": "home", "model": "footerpage"}}, {"model": "contenttypes.contenttype", "pk": 25, "fields": {"app_label": "home", "model": "sitesettings"}}, {"model": "contenttypes.contenttype", "pk": 26, "fields": {"app_label": "home", "model": "manifestsettings"}}, {"model": "contenttypes.contenttype", "pk": 27, "fields": {"app_label": "home", "model": "v1tov2objectmap"}}, {"model": "contenttypes.contenttype", "pk": 28, "fields": {"app_label": "home", "model": "themesettings"}}, {"model": "contenttypes.contenttype", "pk": 29, "fields": {"app_label": "home", "model": "pagelinkpage"}}, {"model": "contenttypes.contenttype", "pk": 30, "fields": {"app_label": "home", "model": "svgtopngmap"}}, {"model": "contenttypes.contenttype", "pk": 31, "fields": {"app_label": "home", "model": "miscellaneousindexpage"}}, {"model": "contenttypes.contenttype", "pk": 32, "fields": {"app_label": "home", "model": "offlineapppage"}}, {"model": "contenttypes.contenttype", "pk": 33, "fields": {"app_label": "home", "model": "v1pageurltov2pagemap"}}, {"model": "contenttypes.contenttype", "pk": 34, "fields": {"app_label": "home", "model": "localedetail"}}, {"model": "contenttypes.contenttype", "pk": 35, "fields": {"app_label": "iogt_users", "model": "user"}}, {"model": "contenttypes.contenttype", "pk": 36, "fields": {"app_label": "iogt_users", "model": "profile"}}, {"model": "contenttypes.contenttype", "pk": 37, "fields": {"app_label": "comments", "model": "cannedresponse"}}, {"model": "contenttypes.contenttype", "pk": 38, "fields": {"app_label": "questionnaires", "model": "poll"}}, {"model": "contenttypes.contenttype", "pk": 39, "fields": {"app_label": "questionnaires", "model": "quiz"}}, {"model": "contenttypes.contenttype", "pk": 40, "fields": {"app_label": "questionnaires", "model": "survey"}}, {"model": "contenttypes.contenttype", "pk": 41, "fields": {"app_label": "questionnaires", "model": "usersubmission"}}, {"model": "contenttypes.contenttype", "pk": 42, "fields": {"app_label": "questionnaires", "model": "surveyformfield"}}, {"model": "contenttypes.contenttype", "pk": 43, "fields": {"app_label": "questionnaires", "model": "quizformfield"}}, {"model": "contenttypes.contenttype", "pk": 44, "fields": {"app_label": "questionnaires", "model": "pollformfield"}}, {"model": "contenttypes.contenttype", "pk": 45, "fields": {"app_label": "messaging", "model": "chatbotchannel"}}, {"model": "contenttypes.contenttype", "pk": 46, "fields": {"app_label": "messaging", "model": "thread"}}, {"model": "contenttypes.contenttype", "pk": 47, "fields": {"app_label": "messaging", "model": "userthread"}}, {"model": "contenttypes.contenttype", "pk": 48, "fields": {"app_label": "messaging", "model": "message"}}, {"model": "contenttypes.contenttype", "pk": 49, "fields": {"app_label": "messaging", "model": "attachment"}}, {"model": "contenttypes.contenttype", "pk": 50, "fields": {"app_label": "wagtail_localize", "model": "string"}}, {"model": "contenttypes.contenttype", "pk": 51, "fields": {"app_label": "wagtail_localize", "model": "template"}}, {"model": "contenttypes.contenttype", "pk": 52, "fields": {"app_label": "wagtail_localize", "model": "translatableobject"}}, {"model": "contenttypes.contenttype", "pk": 53, "fields": {"app_label": "wagtail_localize", "model": "translationsource"}}, {"model": "contenttypes.contenttype", "pk": 54, "fields": {"app_label": "wagtail_localize", "model": "translationlog"}}, {"model": "contenttypes.contenttype", "pk": 55, "fields": {"app_label": "wagtail_localize", "model": "translationcontext"}}, {"model": "contenttypes.contenttype", "pk": 56, "fields": {"app_label": "wagtail_localize", "model": "templatesegment"}}, {"model": "contenttypes.contenttype", "pk": 57, "fields": {"app_label": "wagtail_localize", "model": "stringsegment"}}, {"model": "contenttypes.contenttype", "pk": 58, "fields": {"app_label": "wagtail_localize", "model": "relatedobjectsegment"}}, {"model": "contenttypes.contenttype", "pk": 59, "fields": {"app_label": "wagtail_localize", "model": "stringtranslation"}}, {"model": "contenttypes.contenttype", "pk": 60, "fields": {"app_label": "wagtail_localize", "model": "overridablesegment"}}, {"model": "contenttypes.contenttype", "pk": 61, "fields": {"app_label": "wagtail_localize", "model": "segmentoverride"}}, {"model": "contenttypes.contenttype", "pk": 62, "fields": {"app_label": "wagtail_localize", "model": "localesynchronization"}}, {"model": "contenttypes.contenttype", "pk": 63, "fields": {"app_label": "wagtailforms", "model": "formsubmission"}}, {"model": "contenttypes.contenttype", "pk": 64, "fields": {"app_label": "wagtailredirects", "model": "redirect"}}, {"model": "contenttypes.contenttype", "pk": 65, "fields": {"app_label": "wagtailembeds", "model": "embed"}}, {"model": "contenttypes.contenttype", "pk": 66, "fields": {"app_label": "wagtailusers", "model": "userprofile"}}, {"model": "contenttypes.contenttype", "pk": 67, "fields": {"app_label": "wagtailimages", "model": "rendition"}}, {"model": "contenttypes.contenttype", "pk": 68, "fields": {"app_label": "wagtailimages", "model": "uploadedimage"}}, {"model": "contenttypes.contenttype", "pk": 69, "fields": {"app_label": "wagtailsearch", "model": "query"}}, {"model": "contenttypes.contenttype", "pk": 70, "fields": {"app_label": "wagtailsearch", "model": "querydailyhits"}}, {"model": "contenttypes.contenttype", "pk": 71, "fields": {"app_label": "wagtailcore", "model": "grouppagepermission"}}, {"model": "contenttypes.contenttype", "pk": 72, "fields": {"app_label": "wagtailcore", "model": "pagerevision"}}, {"model": "contenttypes.contenttype", "pk": 73, "fields": {"app_label": "wagtailcore", "model": "pageviewrestriction"}}, {"model": "contenttypes.contenttype", "pk": 74, "fields": {"app_label": "wagtailcore", "model": "site"}}, {"model": "contenttypes.contenttype", "pk": 75, "fields": {"app_label": "wagtailcore", "model": "collection"}}, {"model": "contenttypes.contenttype", "pk": 76, "fields": {"app_label": "wagtailcore", "model": "groupcollectionpermission"}}, {"model": "contenttypes.contenttype", "pk": 77, "fields": {"app_label": "wagtailcore", "model": "collectionviewrestriction"}}, {"model": "contenttypes.contenttype", "pk": 78, "fields": {"app_label": "wagtailcore", "model": "task"}}, {"model": "contenttypes.contenttype", "pk": 79, "fields": {"app_label": "wagtailcore", "model": "taskstate"}}, {"model": "contenttypes.contenttype", "pk": 80, "fields": {"app_label": "wagtailcore", "model": "workflow"}}, {"model": "contenttypes.contenttype", "pk": 81, "fields": {"app_label": "wagtailcore", "model": "workflowstate"}}, {"model": "contenttypes.contenttype", "pk": 82, "fields": {"app_label": "wagtailcore", "model": "workflowpage"}}, {"model": "contenttypes.contenttype", "pk": 83, "fields": {"app_label": "wagtailcore", "model": "workflowtask"}}, {"model": "contenttypes.contenttype", "pk": 84, "fields": {"app_label": "wagtailcore", "model": "pagelogentry"}}, {"model": "contenttypes.contenttype", "pk": 85, "fields": {"app_label": "wagtailcore", "model": "locale"}}, {"model": "contenttypes.contenttype", "pk": 86, "fields": {"app_label": "wagtailmenus", "model": "flatmenu"}}, {"model": "contenttypes.contenttype", "pk": 87, "fields": {"app_label": "wagtailmenus", "model": "flatmenuitem"}}, {"model": "contenttypes.contenttype", "pk": 88, "fields": {"app_label": "wagtailmenus", "model": "mainmenu"}}, {"model": "contenttypes.contenttype", "pk": 89, "fields": {"app_label": "wagtailmenus", "model": "mainmenuitem"}}, {"model": "contenttypes.contenttype", "pk": 90, "fields": {"app_label": "wagtail_transfer", "model": "idmapping"}}, {"model": "contenttypes.contenttype", "pk": 91, "fields": {"app_label": "wagtail_transfer", "model": "importedfile"}}, {"model": "contenttypes.contenttype", "pk": 92, "fields": {"app_label": "wagtailsvg", "model": "svg"}}, {"model": "contenttypes.contenttype", "pk": 93, "fields": {"app_label": "django_comments_xtd", "model": "xtdcomment"}}, {"model": "contenttypes.contenttype", "pk": 94, "fields": {"app_label": "django_comments_xtd", "model": "blacklisteddomain"}}, {"model": "contenttypes.contenttype", "pk": 95, "fields": {"app_label": "django_comments", "model": "comment"}}, {"model": "contenttypes.contenttype", "pk": 96, "fields": {"app_label": "django_comments", "model": "commentflag"}}, {"model": "contenttypes.contenttype", "pk": 97, "fields": {"app_label": "taggit", "model": "tag"}}, {"model": "contenttypes.contenttype", "pk": 98, "fields": {"app_label": "taggit", "model": "taggeditem"}}, {"model": "contenttypes.contenttype", "pk": 99, "fields": {"app_label": "account", "model": "emailaddress"}}, {"model": "contenttypes.contenttype", "pk": 100, "fields": {"app_label": "account", "model": "emailconfirmation"}}, {"model": "contenttypes.contenttype", "pk": 101, "fields": {"app_label": "socialaccount", "model": "socialaccount"}}, {"model": "contenttypes.contenttype", "pk": 102, "fields": {"app_label": "socialaccount", "model": "socialapp"}}, {"model": "contenttypes.contenttype", "pk": 103, "fields": {"app_label": "socialaccount", "model": "socialtoken"}}, {"model": "contenttypes.contenttype", "pk": 104, "fields": {"app_label": "translation_manager", "model": "translationbackup"}}, {"model": "contenttypes.contenttype", "pk": 105, "fields": {"app_label": "translation_manager", "model": "translationentry"}}, {"model": "contenttypes.contenttype", "pk": 106, "fields": {"app_label": "translation_manager", "model": "remotetranslationentry"}}, {"model": "contenttypes.contenttype", "pk": 107, "fields": {"app_label": "translation_manager", "model": "proxytranslationentry"}}, {"model": "contenttypes.contenttype", "pk": 108, "fields": {"app_label": "db", "model": "testmodel"}}, {"model": "contenttypes.contenttype", "pk": 109, "fields": {"app_label": "admin", "model": "logentry"}}, {"model": "contenttypes.contenttype", "pk": 110, "fields": {"app_label": "auth", "model": "permission"}}, {"model": "contenttypes.contenttype", "pk": 111, "fields": {"app_label": "auth", "model": "group"}}, {"model": "contenttypes.contenttype", "pk": 112, "fields": {"app_label": "contenttypes", "model": "contenttype"}}, {"model": "contenttypes.contenttype", "pk": 113, "fields": {"app_label": "sessions", "model": "session"}}, {"model": "contenttypes.contenttype", "pk": 114, "fields": {"app_label": "sites", "model": "site"}}, {"model": "sessions.session", "pk": "0sg84t1zoig2ziavxoi25jiv03t6c57r", "fields": {"session_data": "e30:1njiEU:w4Y-sudUMX6WX5Id6YvDmPK-hJLDLLP2C1zj3V3t90k", "expire_date": "2022-05-11T14:01:30.785Z"}}, {"model": "sessions.session", "pk": "0sw4evqmupogngcolsl1jrbc3sn2qe97", "fields": {"session_data": "e30:1njiER:drsl-C7-t62g75MGGr-BIS03NOoDN5LIjwQ7mZeZG2Y", "expire_date": "2022-05-11T14:01:27.510Z"}}, {"model": "sessions.session", "pk": "6nnoe3d307lvp27ncrves88lip6h2iid", "fields": {"session_data": "e30:1njiEP:qPA7pscSJETC-6s_IfRe-JU1_G2DNCn7PYd8_s87tpE", "expire_date": "2022-05-11T14:01:25.479Z"}}, {"model": "sessions.session", "pk": "ig78yny4dxyzo89xcb0edgzvexq4ut0d", "fields": {"session_data": ".eJxVjEsOwiAUAO_C2pDHxxa6dO8ZyKM8LGrAQJtojHc3JF3odmYyb-ZwWxe3NaouBTYxwQ6_zON8o9xFuGK-FD6XvNbkeU_4bhs_l0D3097-DRZsS98qwggCaQhgZRBaUtQjKlSztD6qOAoDA0qjNYwB6WhNsOANKEsejenTRq2lkh09H6m-2ASfL4yyPwk:1noeBr:iFHwnqpmsEguJ4CkfAXFV7Rj6FBxlFo_Fiy41PYSc5o", "expire_date": "2022-05-25T04:43:11.862Z"}}, {"model": "sites.site", "pk": 1, "fields": {"domain": "example.com", "name": "example.com"}}]