[
{
  "model": "home.iogtflatmenuitem",
  "pk": 1,
  "fields": {
    "sort_order": null,
    "link_page": 3,
    "url_append": "#home",
    "handle": "",
    "link_text": "",
    "allow_subnav": false,
    "menu": 1,
    "link_url": null,
    "icon": null,
    "image_icon": null,
    "background_color": null,
    "font_color": null,
    "display_only_in_single_column_view": false
  }
},
{
  "model": "home.iogtflatmenuitem",
  "pk": 2,
  "fields": {
    "sort_order": null,
    "link_page": null,
    "url_append": "top-level-sections",
    "handle": "",
    "link_text": "Sections",
    "allow_subnav": false,
    "menu": 1,
    "link_url": "#",
    "icon": null,
    "image_icon": null,
    "background_color": null,
    "font_color": null,
    "display_only_in_single_column_view": false
  }
},
{
  "model": "questionnaires.quizformfield",
  "pk": 1,
  "fields": {
    "sort_order": 0,
    "required": true,
    "help_text": "",
    "page": 12,
    "clean_name": "q1_c1_ends_the_quiz_c2_is_correct",
    "label": "Q1 (c1 ends the quiz, c2 is correct)",
    "field_type": "radio",
    "choices": "c1|c2|c3",
    "admin_label": "q1",
    "default_value": "",
    "page_break": true,
    "correct_answer": "c2",
    "feedback": ""
  }
},
{
  "model": "questionnaires.quizformfield",
  "pk": 2,
  "fields": {
    "sort_order": 1,
    "required": true,
    "help_text": "Select one",
    "page": 12,
    "clean_name": "q2_c2_is_correct",
    "label": "Q2 (c2 is correct)",
    "field_type": "dropdown",
    "choices": "c1|c2",
    "admin_label": "q2",
    "default_value": "",
    "page_break": false,
    "correct_answer": "c2",
    "feedback": ""
  }
},
{
  "model": "wagtailcore.site",
  "pk": 2,
  "fields": {
    "hostname": "localhost",
    "port": 80,
    "site_name": "",
    "root_page": 3,
    "is_default_site": true
  }
},
{
  "model": "wagtailcore.locale",
  "pk": 1,
  "fields": {
    "language_code": "en"
  }
},
{
  "model": "wagtailcore.collection",
  "pk": 1,
  "fields": {
    "path": "0001",
    "depth": 1,
    "numchild": 0,
    "name": "Root"
  }
},
{
  "model": "wagtailcore.workflowpage",
  "pk": 1,
  "fields": {
    "workflow": 1
  }
},
{
  "model": "wagtailcore.workflowtask",
  "pk": 1,
  "fields": {
    "sort_order": 0,
    "workflow": 1,
    "task": 1
  }
},
{
  "model": "wagtailcore.task",
  "pk": 1,
  "fields": {
    "name": "Moderators approval",
    "content_type": [
      "wagtailcore",
      "groupapprovaltask"
    ],
    "active": true
  }
},
{
  "model": "wagtailcore.workflow",
  "pk": 1,
  "fields": {
    "name": "Moderators approval",
    "active": true
  }
},
{
  "model": "wagtailmenus.flatmenu",
  "pk": 1,
  "fields": {
    "site": [
      "localhost",
      80
    ],
    "title": "Navbar",
    "handle": "nav_bar",
    "heading": "",
    "max_levels": 1
  }
},
{
  "model": "auth.group",
  "pk": 1,
  "fields": {
    "name": "Moderators",
    "permissions": [
      [
        "submit_translation",
        "wagtail_localize",
        "translation"
      ],
      [
        "access_admin",
        "wagtailadmin",
        "admin"
      ],
      [
        "add_document",
        "wagtaildocs",
        "document"
      ],
      [
        "change_document",
        "wagtaildocs",
        "document"
      ],
      [
        "delete_document",
        "wagtaildocs",
        "document"
      ],
      [
        "add_image",
        "wagtailimages",
        "image"
      ],
      [
        "change_image",
        "wagtailimages",
        "image"
      ],
      [
        "delete_image",
        "wagtailimages",
        "image"
      ],
      [
        "add_media",
        "wagtailmedia",
        "media"
      ],
      [
        "change_media",
        "wagtailmedia",
        "media"
      ],
      [
        "delete_media",
        "wagtailmedia",
        "media"
      ]
    ]
  }
},
{
  "model": "auth.group",
  "pk": 2,
  "fields": {
    "name": "Editors",
    "permissions": [
      [
        "submit_translation",
        "wagtail_localize",
        "translation"
      ],
      [
        "access_admin",
        "wagtailadmin",
        "admin"
      ],
      [
        "add_document",
        "wagtaildocs",
        "document"
      ],
      [
        "change_document",
        "wagtaildocs",
        "document"
      ],
      [
        "delete_document",
        "wagtaildocs",
        "document"
      ],
      [
        "add_image",
        "wagtailimages",
        "image"
      ],
      [
        "change_image",
        "wagtailimages",
        "image"
      ],
      [
        "delete_image",
        "wagtailimages",
        "image"
      ],
      [
        "add_media",
        "wagtailmedia",
        "media"
      ],
      [
        "change_media",
        "wagtailmedia",
        "media"
      ],
      [
        "delete_media",
        "wagtailmedia",
        "media"
      ]
    ]
  }
},
{
  "model": "sites.site",
  "pk": 1,
  "fields": {
    "domain": "example.com",
    "name": "example.com"
  }
},
{
  "model": "wagtailcore.groupapprovaltask",
  "pk": 1,
  "fields": {
    "groups": [
      [
        "Moderators"
      ]
    ]
  }
},
{
  "model": "iogt_users.user",
  "pk": 1,
  "fields": {
    "password": "pbkdf2_sha256$216000$ZF0CIM0wqdD5$lB5uZCIKyGptmf27XR7AO5+4tRHQpCBBMFbchBz4RNU=",
    "last_login": "2022-04-27T05:25:53.855Z",
    "is_superuser": true,
    "username": "tester",
    "is_staff": true,
    "is_active": true,
    "date_joined": "2022-04-27T02:21:53.164Z",
    "first_name": null,
    "last_name": null,
    "display_name": null,
    "email": "teste@gmail.com",
    "terms_accepted": false,
    "has_filled_registration_survey": false,
    "has_viewed_registration_survey": false,
    "groups": [],
    "user_permissions": [],
    "read_articles": []
  }
},
{
  "model": "home.themesettings",
  "pk": 1,
  "fields": {
    "site": [
      "localhost",
      80
    ],
    "global_background_color": "#FFFFFF",
    "header_background_color": "#FFFFFF",
    "language_picker_background_color": "#FDD256",
    "language_picker_font_color": "#303030",
    "section_listing_questionnaire_background_color": "#f0f0f0",
    "section_listing_questionnaire_font_color": "#444",
    "section_card_font_color": "#444",
    "section_card_background_color": "#ffffff",
    "article_card_font_color": "#444",
    "article_card_background_color": "#ffffff",
    "primary_button_font_color": "#444",
    "primary_button_background_color": "#f0f0f0",
    "navbar_background_color": "#0094F4",
    "navbar_font_color": "#FFFFFF"
  }
},
{
  "model": "home.sitesettings",
  "pk": 1,
  "fields": {
    "site": [
      "localhost",
      80
    ],
    "logo": null,
    "favicon": null,
    "apple_touch_icon": null,
    "show_only_translated_pages": false,
    "fb_analytics_app_id": null,
    "local_ga_tag_manager": null,
    "global_ga_tag_manager": null,
    "local_ga_tracking_code": null,
    "global_ga_tracking_code": null,
    "social_media_link": "[]",
    "social_media_content_sharing_button": "[]",
    "media_file_size_threshold": 9437184,
    "allow_anonymous_comment": false,
    "registration_survey": null,
    "opt_in_to_google_web_light": false
  }
},
{
  "model": "home.footerindexpage",
  "pk": 5,
  "fields": {}
},
{
  "model": "home.bannerindexpage",
  "pk": 4,
  "fields": {}
},
{
  "model": "home.section",
  "pk": 10,
  "fields": {
    "commenting_status": "inherited",
    "commenting_starts_at": null,
    "commenting_ends_at": null,
    "lead_image": null,
    "icon": null,
    "image_icon": null,
    "background_color": null,
    "font_color": null,
    "show_progress_bar": false,
    "larger_image_for_top_page_in_list_as_in_v1": false
  }
},
{
  "model": "home.section",
  "pk": 11,
  "fields": {
    "commenting_status": "inherited",
    "commenting_starts_at": null,
    "commenting_ends_at": null,
    "lead_image": null,
    "icon": null,
    "image_icon": null,
    "background_color": null,
    "font_color": null,
    "show_progress_bar": false,
    "larger_image_for_top_page_in_list_as_in_v1": false
  }
},
{
  "model": "home.sectionindexpage",
  "pk": 6,
  "fields": {}
},
{
  "model": "home.homepage",
  "pk": 3,
  "fields": {
    "home_featured_content": "[]"
  }
},
{
  "model": "iogt_users.profile",
  "pk": 1,
  "fields": {
    "user": [
      "tester"
    ]
  }
},
{
  "model": "questionnaires.usersubmission",
  "pk": 1,
  "fields": {
    "form_data": "{\"q1_c1_ends_the_quiz_c2_is_correct\": \"c2\", \"q2_c2_is_correct\": \"c1\"}",
    "page": 12,
    "submit_time": "2022-04-27T05:30:52.907Z",
    "user": null,
    "session_key": "obnn0bq1r2g2i93x7hot6ul6tkohdl30"
  }
},
{
  "model": "questionnaires.usersubmission",
  "pk": 2,
  "fields": {
    "form_data": "{\"q1_c1_ends_the_quiz_c2_is_correct\": \"c3\", \"q2_c2_is_correct\": \"c2\"}",
    "page": 12,
    "submit_time": "2022-04-27T05:31:29.348Z",
    "user": null,
    "session_key": "0m53p34g9klww5zu85j8y4peke60xxej"
  }
},
{
  "model": "questionnaires.usersubmission",
  "pk": 3,
  "fields": {
    "form_data": "{\"q1_c1_ends_the_quiz_c2_is_correct\": \"c1\", \"q2_c2_is_correct\": \"c1\"}",
    "page": 12,
    "submit_time": "2022-04-27T05:37:09.630Z",
    "user": null,
    "session_key": "c5ob3tye074qpr8xhmzdzcymllprg8jn"
  }
},
{
  "model": "questionnaires.usersubmission",
  "pk": 4,
  "fields": {
    "form_data": "{\"q1_c1_ends_the_quiz_c2_is_correct\": \"c1\", \"q2_c2_is_correct\": \"c2\"}",
    "page": 12,
    "submit_time": "2022-04-27T05:40:28.297Z",
    "user": null,
    "session_key": "f9huhhdeykchsz26gpyxdyrhv6y38tg9"
  }
},
{
  "model": "questionnaires.usersubmission",
  "pk": 5,
  "fields": {
    "form_data": "{\"q1_c1_ends_the_quiz_c2_is_correct\": \"c1\", \"q2_c2_is_correct\": \"c2\"}",
    "page": 12,
    "submit_time": "2022-04-27T05:40:44.371Z",
    "user": null,
    "session_key": "0p63xigk710kc1pfsqu49k00r2doogs4"
  }
},
{
  "model": "questionnaires.quiz",
  "pk": 12,
  "fields": {
    "description": "[{\"type\": \"paragraph\", \"value\": \"<p>intro</p>\", \"id\": \"32d29e16-6f87-4b48-a6e7-71d4f853dbeb\"}]",
    "thank_you_text": "[{\"type\": \"paragraph\", \"value\": \"<p>thanks</p>\", \"id\": \"033ad8c5-391a-4897-bae2-1715571a130a\"}]",
    "allow_anonymous_submissions": true,
    "allow_multiple_submissions": true,
    "submit_button_text": "Submit",
    "direct_display": false,
    "index_page_description": "",
    "index_page_description_line_2": "",
    "terms_and_conditions": "[]",
    "icon": null,
    "image_icon": null,
    "multi_step": true
  }
},
{
  "model": "questionnaires.pollindexpage",
  "pk": 7,
  "fields": {}
},
{
  "model": "questionnaires.surveyindexpage",
  "pk": 8,
  "fields": {}
},
{
  "model": "questionnaires.quizindexpage",
  "pk": 9,
  "fields": {}
},
{
  "model": "wagtailusers.userprofile",
  "pk": 1,
  "fields": {
    "user": [
      "tester"
    ],
    "submitted_notifications": true,
    "approved_notifications": true,
    "rejected_notifications": true,
    "preferred_language": "",
    "current_time_zone": "",
    "avatar": ""
  }
},
{
  "model": "wagtailcore.page",
  "pk": 1,
  "fields": {
    "path": "0001",
    "depth": 1,
    "numchild": 1,
    "translation_key": "35de0cc8-39d7-46c4-a478-c40ea340f632",
    "locale": 1,
    "title": "Root",
    "draft_title": "Root",
    "slug": "root",
    "content_type": [
      "wagtailcore",
      "page"
    ],
    "live": true,
    "has_unpublished_changes": false,
    "url_path": "/",
    "owner": null,
    "seo_title": "",
    "show_in_menus": false,
    "search_description": "",
    "go_live_at": null,
    "expire_at": null,
    "expired": false,
    "locked": false,
    "locked_at": null,
    "locked_by": null,
    "first_published_at": null,
    "last_published_at": null,
    "latest_revision_created_at": null,
    "live_revision": null,
    "alias_of": null
  }
},
{
  "model": "wagtailcore.page",
  "pk": 3,
  "fields": {
    "path": "00010001",
    "depth": 2,
    "numchild": 6,
    "translation_key": "a4829cc8-487c-49d5-8b77-d3562e4e1747",
    "locale": 1,
    "title": "Home",
    "draft_title": "Home",
    "slug": "home",
    "content_type": [
      "home",
      "homepage"
    ],
    "live": true,
    "has_unpublished_changes": false,
    "url_path": "/home/",
    "owner": null,
    "seo_title": "",
    "show_in_menus": true,
    "search_description": "",
    "go_live_at": null,
    "expire_at": null,
    "expired": false,
    "locked": false,
    "locked_at": null,
    "locked_by": null,
    "first_published_at": null,
    "last_published_at": null,
    "latest_revision_created_at": null,
    "live_revision": null,
    "alias_of": null
  }
},
{
  "model": "wagtailcore.page",
  "pk": 4,
  "fields": {
    "path": "000100010001",
    "depth": 3,
    "numchild": 0,
    "translation_key": "05efaaab-0813-451b-8529-f6efc82d015f",
    "locale": 1,
    "title": "Banners",
    "draft_title": "Banners",
    "slug": "banners",
    "content_type": [
      "home",
      "bannerindexpage"
    ],
    "live": true,
    "has_unpublished_changes": false,
    "url_path": "/home/banners/",
    "owner": null,
    "seo_title": "",
    "show_in_menus": false,
    "search_description": "",
    "go_live_at": null,
    "expire_at": null,
    "expired": false,
    "locked": false,
    "locked_at": null,
    "locked_by": null,
    "first_published_at": null,
    "last_published_at": null,
    "latest_revision_created_at": null,
    "live_revision": null,
    "alias_of": null
  }
},
{
  "model": "wagtailcore.page",
  "pk": 5,
  "fields": {
    "path": "000100010002",
    "depth": 3,
    "numchild": 0,
    "translation_key": "a3e6e1e7-3a8d-49a3-b7e0-89ec38f2f124",
    "locale": 1,
    "title": "Footers",
    "draft_title": "Footers",
    "slug": "footers",
    "content_type": [
      "home",
      "footerindexpage"
    ],
    "live": true,
    "has_unpublished_changes": false,
    "url_path": "/home/footers/",
    "owner": null,
    "seo_title": "",
    "show_in_menus": false,
    "search_description": "",
    "go_live_at": null,
    "expire_at": null,
    "expired": false,
    "locked": false,
    "locked_at": null,
    "locked_by": null,
    "first_published_at": null,
    "last_published_at": null,
    "latest_revision_created_at": null,
    "live_revision": null,
    "alias_of": null
  }
},
{
  "model": "wagtailcore.page",
  "pk": 6,
  "fields": {
    "path": "000100010003",
    "depth": 3,
    "numchild": 2,
    "translation_key": "ab7c81a1-6208-427d-bcb4-ef315b3cea2a",
    "locale": 1,
    "title": "Sections",
    "draft_title": "Sections",
    "slug": "sections",
    "content_type": [
      "home",
      "sectionindexpage"
    ],
    "live": true,
    "has_unpublished_changes": false,
    "url_path": "/home/sections/",
    "owner": null,
    "seo_title": "",
    "show_in_menus": false,
    "search_description": "",
    "go_live_at": null,
    "expire_at": null,
    "expired": false,
    "locked": false,
    "locked_at": null,
    "locked_by": null,
    "first_published_at": null,
    "last_published_at": null,
    "latest_revision_created_at": null,
    "live_revision": null,
    "alias_of": null
  }
},
{
  "model": "wagtailcore.page",
  "pk": 7,
  "fields": {
    "path": "000100010004",
    "depth": 3,
    "numchild": 0,
    "translation_key": "06ef56a8-2a4a-43df-8245-4808f428f885",
    "locale": 1,
    "title": "Polls",
    "draft_title": "Polls",
    "slug": "polls",
    "content_type": [
      "questionnaires",
      "pollindexpage"
    ],
    "live": true,
    "has_unpublished_changes": false,
    "url_path": "/home/polls/",
    "owner": null,
    "seo_title": "",
    "show_in_menus": false,
    "search_description": "",
    "go_live_at": null,
    "expire_at": null,
    "expired": false,
    "locked": false,
    "locked_at": null,
    "locked_by": null,
    "first_published_at": null,
    "last_published_at": null,
    "latest_revision_created_at": null,
    "live_revision": null,
    "alias_of": null
  }
},
{
  "model": "wagtailcore.page",
  "pk": 8,
  "fields": {
    "path": "000100010005",
    "depth": 3,
    "numchild": 0,
    "translation_key": "33fa6238-2d13-473b-bc9d-86932b52d087",
    "locale": 1,
    "title": "Surveys",
    "draft_title": "Surveys",
    "slug": "surveys",
    "content_type": [
      "questionnaires",
      "surveyindexpage"
    ],
    "live": true,
    "has_unpublished_changes": false,
    "url_path": "/home/surveys/",
    "owner": null,
    "seo_title": "",
    "show_in_menus": false,
    "search_description": "",
    "go_live_at": null,
    "expire_at": null,
    "expired": false,
    "locked": false,
    "locked_at": null,
    "locked_by": null,
    "first_published_at": null,
    "last_published_at": null,
    "latest_revision_created_at": null,
    "live_revision": null,
    "alias_of": null
  }
},
{
  "model": "wagtailcore.page",
  "pk": 9,
  "fields": {
    "path": "000100010006",
    "depth": 3,
    "numchild": 0,
    "translation_key": "a9757944-a552-4d22-9c60-27ef33aabb6e",
    "locale": 1,
    "title": "Quizzes",
    "draft_title": "Quizzes",
    "slug": "quizzes",
    "content_type": [
      "questionnaires",
      "quizindexpage"
    ],
    "live": true,
    "has_unpublished_changes": false,
    "url_path": "/home/quizzes/",
    "owner": null,
    "seo_title": "",
    "show_in_menus": false,
    "search_description": "",
    "go_live_at": null,
    "expire_at": null,
    "expired": false,
    "locked": false,
    "locked_at": null,
    "locked_by": null,
    "first_published_at": null,
    "last_published_at": null,
    "latest_revision_created_at": null,
    "live_revision": null,
    "alias_of": null
  }
},
{
  "model": "wagtailcore.page",
  "pk": 10,
  "fields": {
    "path": "0001000100030001",
    "depth": 4,
    "numchild": 0,
    "translation_key": "22a5213c-59d3-47a6-bdd7-205dad3baca6",
    "locale": 1,
    "title": "Test Section 10",
    "draft_title": "Test Section 10",
    "slug": "test-section-1",
    "content_type": [
      "home",
      "section"
    ],
    "live": true,
    "has_unpublished_changes": false,
    "url_path": "/home/sections/test-section-1/",
    "owner": [
      "tester"
    ],
    "seo_title": "",
    "show_in_menus": true,
    "search_description": "",
    "go_live_at": null,
    "expire_at": null,
    "expired": false,
    "locked": false,
    "locked_at": null,
    "locked_by": null,
    "first_published_at": "2022-04-27T02:22:39.302Z",
    "last_published_at": "2022-04-27T02:22:39.302Z",
    "latest_revision_created_at": "2022-04-27T02:22:39.272Z",
    "live_revision": 1,
    "alias_of": null
  }
},
{
  "model": "wagtailcore.page",
  "pk": 11,
  "fields": {
    "path": "0001000100030002",
    "depth": 4,
    "numchild": 1,
    "translation_key": "ff3f79a4-457b-4808-b5d4-a5177d54db9e",
    "locale": 1,
    "title": "Questionnaire Testing",
    "draft_title": "Questionnaire Testing",
    "slug": "questionnaire-testing",
    "content_type": [
      "home",
      "section"
    ],
    "live": true,
    "has_unpublished_changes": false,
    "url_path": "/home/sections/questionnaire-testing/",
    "owner": [
      "tester"
    ],
    "seo_title": "",
    "show_in_menus": true,
    "search_description": "",
    "go_live_at": null,
    "expire_at": null,
    "expired": false,
    "locked": false,
    "locked_at": null,
    "locked_by": null,
    "first_published_at": "2022-04-27T05:26:11.779Z",
    "last_published_at": "2022-04-27T05:26:11.779Z",
    "latest_revision_created_at": "2022-04-27T05:26:11.747Z",
    "live_revision": 2,
    "alias_of": null
  }
},
{
  "model": "wagtailcore.page",
  "pk": 12,
  "fields": {
    "path": "00010001000300020001",
    "depth": 5,
    "numchild": 0,
    "translation_key": "8c48e4f3-0290-4fe2-9590-2c7e1bcb47d4",
    "locale": 1,
    "title": "Quiz (2 pages)",
    "draft_title": "Quiz (2 pages)",
    "slug": "quiz-2-pages",
    "content_type": [
      "questionnaires",
      "quiz"
    ],
    "live": true,
    "has_unpublished_changes": false,
    "url_path": "/home/sections/questionnaire-testing/quiz-2-pages/",
    "owner": [
      "tester"
    ],
    "seo_title": "",
    "show_in_menus": false,
    "search_description": "",
    "go_live_at": null,
    "expire_at": null,
    "expired": false,
    "locked": false,
    "locked_at": null,
    "locked_by": null,
    "first_published_at": "2022-04-27T05:26:28.127Z",
    "last_published_at": "2022-04-27T05:42:57.165Z",
    "latest_revision_created_at": "2022-04-27T05:42:57.120Z",
    "live_revision": 7,
    "alias_of": null
  }
},
{
  "model": "wagtailcore.pagerevision",
  "pk": 1,
  "fields": {
    "page": 10,
    "submitted_for_moderation": false,
    "created_at": "2022-04-27T02:22:39.272Z",
    "user": [
      "tester"
    ],
    "content_json": "{\"pk\": 10, \"path\": \"0001000100030001\", \"depth\": 4, \"numchild\": 0, \"translation_key\": \"22a5213c-59d3-47a6-bdd7-205dad3baca6\", \"locale\": 1, \"title\": \"Test Section 1\", \"draft_title\": \"Test Section 1\", \"slug\": \"test-section-1\", \"content_type\": 22, \"live\": true, \"has_unpublished_changes\": false, \"url_path\": \"/home/sections/test-section-1/\", \"owner\": 1, \"seo_title\": \"\", \"show_in_menus\": true, \"search_description\": \"\", \"go_live_at\": null, \"expire_at\": null, \"expired\": false, \"locked\": false, \"locked_at\": null, \"locked_by\": null, \"first_published_at\": null, \"last_published_at\": null, \"latest_revision_created_at\": null, \"live_revision\": null, \"alias_of\": null, \"commenting_status\": \"inherited\", \"commenting_starts_at\": null, \"commenting_ends_at\": null, \"lead_image\": null, \"icon\": null, \"image_icon\": null, \"background_color\": null, \"font_color\": null, \"show_progress_bar\": false, \"larger_image_for_top_page_in_list_as_in_v1\": false, \"featured_content\": [], \"home_page_banners\": [], \"tagged_items\": []}",
    "approved_go_live_at": null
  }
},
{
  "model": "wagtailcore.pagerevision",
  "pk": 2,
  "fields": {
    "page": 11,
    "submitted_for_moderation": false,
    "created_at": "2022-04-27T05:26:11.747Z",
    "user": [
      "tester"
    ],
    "content_json": "{\"pk\": 11, \"path\": \"0001000100030002\", \"depth\": 4, \"numchild\": 0, \"translation_key\": \"ff3f79a4-457b-4808-b5d4-a5177d54db9e\", \"locale\": 1, \"title\": \"Questionnaire Testing\", \"draft_title\": \"Questionnaire Testing\", \"slug\": \"questionnaire-testing\", \"content_type\": 22, \"live\": true, \"has_unpublished_changes\": false, \"url_path\": \"/home/sections/questionnaire-testing/\", \"owner\": 1, \"seo_title\": \"\", \"show_in_menus\": true, \"search_description\": \"\", \"go_live_at\": null, \"expire_at\": null, \"expired\": false, \"locked\": false, \"locked_at\": null, \"locked_by\": null, \"first_published_at\": null, \"last_published_at\": null, \"latest_revision_created_at\": null, \"live_revision\": null, \"alias_of\": null, \"commenting_status\": \"inherited\", \"commenting_starts_at\": null, \"commenting_ends_at\": null, \"lead_image\": null, \"icon\": null, \"image_icon\": null, \"background_color\": null, \"font_color\": null, \"show_progress_bar\": false, \"larger_image_for_top_page_in_list_as_in_v1\": false, \"featured_content\": [], \"home_page_banners\": [], \"tagged_items\": []}",
    "approved_go_live_at": null
  }
},
{
  "model": "wagtailcore.pagerevision",
  "pk": 3,
  "fields": {
    "page": 12,
    "submitted_for_moderation": false,
    "created_at": "2022-04-27T05:26:28.102Z",
    "user": [
      "tester"
    ],
    "content_json": "{\"pk\": 12, \"path\": \"00010001000300020001\", \"depth\": 5, \"numchild\": 0, \"translation_key\": \"8c48e4f3-0290-4fe2-9590-2c7e1bcb47d4\", \"locale\": 1, \"title\": \"Quiz 2 Pages\", \"draft_title\": \"Quiz 2 Pages\", \"slug\": \"quiz-2-pages\", \"content_type\": 39, \"live\": true, \"has_unpublished_changes\": false, \"url_path\": \"/home/sections/questionnaire-testing/quiz-2-pages/\", \"owner\": 1, \"seo_title\": \"\", \"show_in_menus\": false, \"search_description\": \"\", \"go_live_at\": null, \"expire_at\": null, \"expired\": false, \"locked\": false, \"locked_at\": null, \"locked_by\": null, \"first_published_at\": null, \"last_published_at\": null, \"latest_revision_created_at\": null, \"live_revision\": null, \"alias_of\": null, \"description\": \"[]\", \"thank_you_text\": \"[]\", \"allow_anonymous_submissions\": true, \"allow_multiple_submissions\": true, \"submit_button_text\": \"Submit\", \"direct_display\": false, \"index_page_description\": \"\", \"index_page_description_line_2\": \"\", \"terms_and_conditions\": \"[]\", \"icon\": null, \"image_icon\": null, \"multi_step\": false, \"featured_content\": [], \"home_page_banners\": [], \"quiz_form_fields\": []}",
    "approved_go_live_at": null
  }
},
{
  "model": "wagtailcore.pagerevision",
  "pk": 4,
  "fields": {
    "page": 12,
    "submitted_for_moderation": false,
    "created_at": "2022-04-27T05:29:02.779Z",
    "user": [
      "tester"
    ],
    "content_json": "{\"pk\": 12, \"path\": \"00010001000300020001\", \"depth\": 5, \"numchild\": 0, \"translation_key\": \"8c48e4f3-0290-4fe2-9590-2c7e1bcb47d4\", \"locale\": 1, \"title\": \"Quiz 2 Pages\", \"draft_title\": \"Quiz 2 Pages\", \"slug\": \"quiz-2-pages\", \"content_type\": 39, \"live\": true, \"has_unpublished_changes\": false, \"url_path\": \"/home/sections/questionnaire-testing/quiz-2-pages/\", \"owner\": 1, \"seo_title\": \"\", \"show_in_menus\": false, \"search_description\": \"\", \"go_live_at\": null, \"expire_at\": null, \"expired\": false, \"locked\": false, \"locked_at\": null, \"locked_by\": null, \"first_published_at\": \"2022-04-27T05:26:28.127Z\", \"last_published_at\": \"2022-04-27T05:26:28.127Z\", \"latest_revision_created_at\": \"2022-04-27T05:26:28.102Z\", \"live_revision\": 3, \"alias_of\": null, \"description\": \"[{\\\"type\\\": \\\"paragraph\\\", \\\"value\\\": \\\"<p>intro</p>\\\", \\\"id\\\": \\\"32d29e16-6f87-4b48-a6e7-71d4f853dbeb\\\"}]\", \"thank_you_text\": \"[{\\\"type\\\": \\\"paragraph\\\", \\\"value\\\": \\\"<p>thanks</p>\\\", \\\"id\\\": \\\"033ad8c5-391a-4897-bae2-1715571a130a\\\"}]\", \"allow_anonymous_submissions\": true, \"allow_multiple_submissions\": true, \"submit_button_text\": \"Submit\", \"direct_display\": false, \"index_page_description\": \"\", \"index_page_description_line_2\": \"\", \"terms_and_conditions\": \"[]\", \"icon\": null, \"image_icon\": null, \"multi_step\": true, \"featured_content\": [], \"home_page_banners\": [], \"quiz_form_fields\": [{\"pk\": null, \"sort_order\": 0, \"required\": true, \"help_text\": \"\", \"page\": 12, \"clean_name\": \"\", \"label\": \"Q1 (c1 ends the quiz, c2 is correct)\", \"field_type\": \"radio\", \"choices\": \"c1|c2|c3\", \"admin_label\": \"q1\", \"default_value\": \"\", \"page_break\": true, \"correct_answer\": \"c2\", \"feedback\": \"\"}, {\"pk\": null, \"sort_order\": 1, \"required\": true, \"help_text\": \"Select one\", \"page\": 12, \"clean_name\": \"\", \"label\": \"Q2 (c2 is correct)\", \"field_type\": \"dropdown\", \"choices\": \"c1|c2\", \"admin_label\": \"q2\", \"default_value\": \"\", \"page_break\": false, \"correct_answer\": \"c2\", \"feedback\": \"\"}]}",
    "approved_go_live_at": null
  }
},
{
  "model": "wagtailcore.pagerevision",
  "pk": 5,
  "fields": {
    "page": 12,
    "submitted_for_moderation": false,
    "created_at": "2022-04-27T05:35:16.849Z",
    "user": [
      "tester"
    ],
    "content_json": "{\"pk\": 12, \"path\": \"00010001000300020001\", \"depth\": 5, \"numchild\": 0, \"translation_key\": \"8c48e4f3-0290-4fe2-9590-2c7e1bcb47d4\", \"locale\": 1, \"title\": \"Quiz (2 Pages)\", \"draft_title\": \"Quiz 2 Pages\", \"slug\": \"quiz-2-pages\", \"content_type\": 39, \"live\": true, \"has_unpublished_changes\": false, \"url_path\": \"/home/sections/questionnaire-testing/quiz-2-pages/\", \"owner\": 1, \"seo_title\": \"\", \"show_in_menus\": false, \"search_description\": \"\", \"go_live_at\": null, \"expire_at\": null, \"expired\": false, \"locked\": false, \"locked_at\": null, \"locked_by\": null, \"first_published_at\": \"2022-04-27T05:26:28.127Z\", \"last_published_at\": \"2022-04-27T05:29:02.828Z\", \"latest_revision_created_at\": \"2022-04-27T05:29:02.779Z\", \"live_revision\": 4, \"alias_of\": null, \"description\": \"[{\\\"type\\\": \\\"paragraph\\\", \\\"value\\\": \\\"<p>intro</p>\\\", \\\"id\\\": \\\"32d29e16-6f87-4b48-a6e7-71d4f853dbeb\\\"}]\", \"thank_you_text\": \"[{\\\"type\\\": \\\"paragraph\\\", \\\"value\\\": \\\"<p>thanks</p>\\\", \\\"id\\\": \\\"033ad8c5-391a-4897-bae2-1715571a130a\\\"}]\", \"allow_anonymous_submissions\": true, \"allow_multiple_submissions\": true, \"submit_button_text\": \"Submit\", \"direct_display\": false, \"index_page_description\": \"\", \"index_page_description_line_2\": \"\", \"terms_and_conditions\": \"[]\", \"icon\": null, \"image_icon\": null, \"multi_step\": true, \"featured_content\": [], \"home_page_banners\": [], \"quiz_form_fields\": [{\"pk\": 1, \"sort_order\": 0, \"required\": true, \"help_text\": \"\", \"page\": 12, \"clean_name\": \"q1_c1_ends_the_quiz_c2_is_correct\", \"label\": \"Q1 (c1 ends the quiz, c2 is correct)\", \"field_type\": \"radio\", \"choices\": \"c1|c2|c3\", \"admin_label\": \"q1\", \"default_value\": \"\", \"page_break\": true, \"correct_answer\": \"c2\", \"feedback\": \"\"}, {\"pk\": 2, \"sort_order\": 1, \"required\": true, \"help_text\": \"Select one\", \"page\": 12, \"clean_name\": \"q2_c2_is_correct\", \"label\": \"Q2 (c2 is correct)\", \"field_type\": \"dropdown\", \"choices\": \"c1|c2\", \"admin_label\": \"q2\", \"default_value\": \"\", \"page_break\": false, \"correct_answer\": \"c2\", \"feedback\": \"\"}]}",
    "approved_go_live_at": null
  }
},
{
  "model": "wagtailcore.pagerevision",
  "pk": 6,
  "fields": {
    "page": 12,
    "submitted_for_moderation": false,
    "created_at": "2022-04-27T05:35:58.815Z",
    "user": [
      "tester"
    ],
    "content_json": "{\"pk\": 12, \"path\": \"00010001000300020001\", \"depth\": 5, \"numchild\": 0, \"translation_key\": \"8c48e4f3-0290-4fe2-9590-2c7e1bcb47d4\", \"locale\": 1, \"title\": \"Quiz (2 pages)\", \"draft_title\": \"Quiz (2 Pages)\", \"slug\": \"quiz-2-pages\", \"content_type\": 39, \"live\": true, \"has_unpublished_changes\": false, \"url_path\": \"/home/sections/questionnaire-testing/quiz-2-pages/\", \"owner\": 1, \"seo_title\": \"\", \"show_in_menus\": false, \"search_description\": \"\", \"go_live_at\": null, \"expire_at\": null, \"expired\": false, \"locked\": false, \"locked_at\": null, \"locked_by\": null, \"first_published_at\": \"2022-04-27T05:26:28.127Z\", \"last_published_at\": \"2022-04-27T05:35:16.885Z\", \"latest_revision_created_at\": \"2022-04-27T05:35:16.849Z\", \"live_revision\": 5, \"alias_of\": null, \"description\": \"[{\\\"type\\\": \\\"paragraph\\\", \\\"value\\\": \\\"<p>intro</p>\\\", \\\"id\\\": \\\"32d29e16-6f87-4b48-a6e7-71d4f853dbeb\\\"}]\", \"thank_you_text\": \"[{\\\"type\\\": \\\"paragraph\\\", \\\"value\\\": \\\"<p>thanks</p>\\\", \\\"id\\\": \\\"033ad8c5-391a-4897-bae2-1715571a130a\\\"}]\", \"allow_anonymous_submissions\": true, \"allow_multiple_submissions\": true, \"submit_button_text\": \"Submit\", \"direct_display\": false, \"index_page_description\": \"\", \"index_page_description_line_2\": \"\", \"terms_and_conditions\": \"[]\", \"icon\": null, \"image_icon\": null, \"multi_step\": true, \"featured_content\": [], \"home_page_banners\": [], \"quiz_form_fields\": [{\"pk\": 1, \"sort_order\": 0, \"required\": true, \"help_text\": \"\", \"page\": 12, \"clean_name\": \"q1_c1_ends_the_quiz_c2_is_correct\", \"label\": \"Q1 (c1 ends the quiz, c2 is correct)\", \"field_type\": \"radio\", \"choices\": \"c1|c2|c3\", \"admin_label\": \"q1\", \"default_value\": \"\", \"page_break\": true, \"correct_answer\": \"c2\", \"feedback\": \"\"}, {\"pk\": 2, \"sort_order\": 1, \"required\": true, \"help_text\": \"Select one\", \"page\": 12, \"clean_name\": \"q2_c2_is_correct\", \"label\": \"Q2 (c2 is correct)\", \"field_type\": \"dropdown\", \"choices\": \"c1|c2\", \"admin_label\": \"q2\", \"default_value\": \"\", \"page_break\": false, \"correct_answer\": \"c2\", \"feedback\": \"\"}]}",
    "approved_go_live_at": null
  }
},
{
  "model": "wagtailcore.pagerevision",
  "pk": 7,
  "fields": {
    "page": 12,
    "submitted_for_moderation": false,
    "created_at": "2022-04-27T05:42:57.120Z",
    "user": [
      "tester"
    ],
    "content_json": "{\"pk\": 12, \"path\": \"00010001000300020001\", \"depth\": 5, \"numchild\": 0, \"translation_key\": \"8c48e4f3-0290-4fe2-9590-2c7e1bcb47d4\", \"locale\": 1, \"title\": \"Quiz (2 pages)\", \"draft_title\": \"Quiz 2 Pages\", \"slug\": \"quiz-2-pages\", \"content_type\": 39, \"live\": true, \"has_unpublished_changes\": false, \"url_path\": \"/home/sections/questionnaire-testing/quiz-2-pages/\", \"owner\": 1, \"seo_title\": \"\", \"show_in_menus\": false, \"search_description\": \"\", \"go_live_at\": null, \"expire_at\": null, \"expired\": false, \"locked\": false, \"locked_at\": null, \"locked_by\": null, \"first_published_at\": \"2022-04-27T05:26:28.127Z\", \"last_published_at\": \"2022-04-27T05:29:02.828Z\", \"latest_revision_created_at\": \"2022-04-27T05:29:02.779Z\", \"live_revision\": 4, \"alias_of\": null, \"description\": \"[{\\\"type\\\": \\\"paragraph\\\", \\\"value\\\": \\\"<p>intro</p>\\\", \\\"id\\\": \\\"32d29e16-6f87-4b48-a6e7-71d4f853dbeb\\\"}]\", \"thank_you_text\": \"[{\\\"type\\\": \\\"paragraph\\\", \\\"value\\\": \\\"<p>thanks</p>\\\", \\\"id\\\": \\\"033ad8c5-391a-4897-bae2-1715571a130a\\\"}]\", \"allow_anonymous_submissions\": true, \"allow_multiple_submissions\": true, \"submit_button_text\": \"Submit\", \"direct_display\": false, \"index_page_description\": \"\", \"index_page_description_line_2\": \"\", \"terms_and_conditions\": \"[]\", \"icon\": null, \"image_icon\": null, \"multi_step\": true, \"featured_content\": [], \"home_page_banners\": [], \"quiz_form_fields\": [{\"pk\": 1, \"sort_order\": 0, \"required\": true, \"help_text\": \"\", \"page\": 12, \"clean_name\": \"q1_c1_ends_the_quiz_c2_is_correct\", \"label\": \"Q1 (c1 ends the quiz, c2 is correct)\", \"field_type\": \"radio\", \"choices\": \"c1|c2|c3\", \"admin_label\": \"q1\", \"default_value\": \"\", \"page_break\": true, \"correct_answer\": \"c2\", \"feedback\": \"\"}, {\"pk\": 2, \"sort_order\": 1, \"required\": true, \"help_text\": \"Select one\", \"page\": 12, \"clean_name\": \"q2_c2_is_correct\", \"label\": \"Q2 (c2 is correct)\", \"field_type\": \"dropdown\", \"choices\": \"c1|c2\", \"admin_label\": \"q2\", \"default_value\": \"\", \"page_break\": false, \"correct_answer\": \"c2\", \"feedback\": \"\"}]}",
    "approved_go_live_at": null
  }
},
{
  "model": "wagtailcore.pagelogentry",
  "pk": 1,
  "fields": {
    "content_type": [
      "home",
      "bannerindexpage"
    ],
    "label": "Banners",
    "action": "wagtail.create",
    "data_json": "\"\"",
    "timestamp": "2022-04-27T02:15:16.743Z",
    "user": null,
    "content_changed": true,
    "deleted": false,
    "page": 4,
    "revision": null
  }
},
{
  "model": "wagtailcore.pagelogentry",
  "pk": 2,
  "fields": {
    "content_type": [
      "home",
      "footerindexpage"
    ],
    "label": "Footers",
    "action": "wagtail.create",
    "data_json": "\"\"",
    "timestamp": "2022-04-27T02:15:16.752Z",
    "user": null,
    "content_changed": true,
    "deleted": false,
    "page": 5,
    "revision": null
  }
},
{
  "model": "wagtailcore.pagelogentry",
  "pk": 3,
  "fields": {
    "content_type": [
      "home",
      "sectionindexpage"
    ],
    "label": "Sections",
    "action": "wagtail.create",
    "data_json": "\"\"",
    "timestamp": "2022-04-27T02:15:16.761Z",
    "user": null,
    "content_changed": true,
    "deleted": false,
    "page": 6,
    "revision": null
  }
},
{
  "model": "wagtailcore.pagelogentry",
  "pk": 4,
  "fields": {
    "content_type": [
      "questionnaires",
      "pollindexpage"
    ],
    "label": "Polls",
    "action": "wagtail.create",
    "data_json": "\"\"",
    "timestamp": "2022-04-27T02:15:22.140Z",
    "user": null,
    "content_changed": true,
    "deleted": false,
    "page": 7,
    "revision": null
  }
},
{
  "model": "wagtailcore.pagelogentry",
  "pk": 5,
  "fields": {
    "content_type": [
      "questionnaires",
      "surveyindexpage"
    ],
    "label": "Surveys",
    "action": "wagtail.create",
    "data_json": "\"\"",
    "timestamp": "2022-04-27T02:15:22.151Z",
    "user": null,
    "content_changed": true,
    "deleted": false,
    "page": 8,
    "revision": null
  }
},
{
  "model": "wagtailcore.pagelogentry",
  "pk": 6,
  "fields": {
    "content_type": [
      "questionnaires",
      "quizindexpage"
    ],
    "label": "Quizzes",
    "action": "wagtail.create",
    "data_json": "\"\"",
    "timestamp": "2022-04-27T02:15:22.161Z",
    "user": null,
    "content_changed": true,
    "deleted": false,
    "page": 9,
    "revision": null
  }
},
{
  "model": "wagtailcore.pagelogentry",
  "pk": 7,
  "fields": {
    "content_type": [
      "home",
      "section"
    ],
    "label": "Test Section 1",
    "action": "wagtail.create",
    "data_json": "\"\"",
    "timestamp": "2022-04-27T02:22:39.257Z",
    "user": [
      "tester"
    ],
    "content_changed": true,
    "deleted": false,
    "page": 10,
    "revision": null
  }
},
{
  "model": "wagtailcore.pagelogentry",
  "pk": 8,
  "fields": {
    "content_type": [
      "home",
      "section"
    ],
    "label": "Test Section 1",
    "action": "wagtail.publish",
    "data_json": "null",
    "timestamp": "2022-04-27T02:22:39.328Z",
    "user": [
      "tester"
    ],
    "content_changed": true,
    "deleted": false,
    "page": 10,
    "revision": 1
  }
},
{
  "model": "wagtailcore.pagelogentry",
  "pk": 9,
  "fields": {
    "content_type": [
      "home",
      "section"
    ],
    "label": "Questionnaire Testing",
    "action": "wagtail.create",
    "data_json": "\"\"",
    "timestamp": "2022-04-27T05:26:11.732Z",
    "user": [
      "tester"
    ],
    "content_changed": true,
    "deleted": false,
    "page": 11,
    "revision": null
  }
},
{
  "model": "wagtailcore.pagelogentry",
  "pk": 10,
  "fields": {
    "content_type": [
      "home",
      "section"
    ],
    "label": "Questionnaire Testing",
    "action": "wagtail.publish",
    "data_json": "null",
    "timestamp": "2022-04-27T05:26:11.810Z",
    "user": [
      "tester"
    ],
    "content_changed": true,
    "deleted": false,
    "page": 11,
    "revision": 2
  }
},
{
  "model": "wagtailcore.pagelogentry",
  "pk": 11,
  "fields": {
    "content_type": [
      "questionnaires",
      "quiz"
    ],
    "label": "Quiz 2 Pages",
    "action": "wagtail.create",
    "data_json": "\"\"",
    "timestamp": "2022-04-27T05:26:28.085Z",
    "user": [
      "tester"
    ],
    "content_changed": true,
    "deleted": false,
    "page": 12,
    "revision": null
  }
},
{
  "model": "wagtailcore.pagelogentry",
  "pk": 12,
  "fields": {
    "content_type": [
      "questionnaires",
      "quiz"
    ],
    "label": "Quiz 2 Pages",
    "action": "wagtail.publish",
    "data_json": "null",
    "timestamp": "2022-04-27T05:26:28.154Z",
    "user": [
      "tester"
    ],
    "content_changed": true,
    "deleted": false,
    "page": 12,
    "revision": 3
  }
},
{
  "model": "wagtailcore.pagelogentry",
  "pk": 13,
  "fields": {
    "content_type": [
      "questionnaires",
      "quiz"
    ],
    "label": "Quiz 2 Pages",
    "action": "wagtail.edit",
    "data_json": "\"\"",
    "timestamp": "2022-04-27T05:29:02.800Z",
    "user": [
      "tester"
    ],
    "content_changed": true,
    "deleted": false,
    "page": 12,
    "revision": 4
  }
},
{
  "model": "wagtailcore.pagelogentry",
  "pk": 14,
  "fields": {
    "content_type": [
      "questionnaires",
      "quiz"
    ],
    "label": "Quiz 2 Pages",
    "action": "wagtail.publish",
    "data_json": "null",
    "timestamp": "2022-04-27T05:29:02.858Z",
    "user": [
      "tester"
    ],
    "content_changed": true,
    "deleted": false,
    "page": 12,
    "revision": 4
  }
},
{
  "model": "wagtailcore.pagelogentry",
  "pk": 15,
  "fields": {
    "content_type": [
      "questionnaires",
      "quiz"
    ],
    "label": "Quiz (2 Pages)",
    "action": "wagtail.edit",
    "data_json": "\"\"",
    "timestamp": "2022-04-27T05:35:16.866Z",
    "user": [
      "tester"
    ],
    "content_changed": true,
    "deleted": false,
    "page": 12,
    "revision": 5
  }
},
{
  "model": "wagtailcore.pagelogentry",
  "pk": 16,
  "fields": {
    "content_type": [
      "questionnaires",
      "quiz"
    ],
    "label": "Quiz (2 Pages)",
    "action": "wagtail.rename",
    "data_json": "{\"title\": {\"old\": \"Quiz 2 Pages\", \"new\": \"Quiz (2 Pages)\"}}",
    "timestamp": "2022-04-27T05:35:16.918Z",
    "user": [
      "tester"
    ],
    "content_changed": false,
    "deleted": false,
    "page": 12,
    "revision": 5
  }
},
{
  "model": "wagtailcore.pagelogentry",
  "pk": 17,
  "fields": {
    "content_type": [
      "questionnaires",
      "quiz"
    ],
    "label": "Quiz (2 Pages)",
    "action": "wagtail.publish",
    "data_json": "{\"title\": {\"old\": \"Quiz 2 Pages\", \"new\": \"Quiz (2 Pages)\"}}",
    "timestamp": "2022-04-27T05:35:16.925Z",
    "user": [
      "tester"
    ],
    "content_changed": true,
    "deleted": false,
    "page": 12,
    "revision": 5
  }
},
{
  "model": "wagtailcore.pagelogentry",
  "pk": 18,
  "fields": {
    "content_type": [
      "questionnaires",
      "quiz"
    ],
    "label": "Quiz (2 pages)",
    "action": "wagtail.edit",
    "data_json": "\"\"",
    "timestamp": "2022-04-27T05:35:58.841Z",
    "user": [
      "tester"
    ],
    "content_changed": true,
    "deleted": false,
    "page": 12,
    "revision": 6
  }
},
{
  "model": "wagtailcore.pagelogentry",
  "pk": 19,
  "fields": {
    "content_type": [
      "questionnaires",
      "quiz"
    ],
    "label": "Quiz (2 pages)",
    "action": "wagtail.rename",
    "data_json": "{\"title\": {\"old\": \"Quiz (2 Pages)\", \"new\": \"Quiz (2 pages)\"}}",
    "timestamp": "2022-04-27T05:35:58.906Z",
    "user": [
      "tester"
    ],
    "content_changed": false,
    "deleted": false,
    "page": 12,
    "revision": 6
  }
},
{
  "model": "wagtailcore.pagelogentry",
  "pk": 20,
  "fields": {
    "content_type": [
      "questionnaires",
      "quiz"
    ],
    "label": "Quiz (2 pages)",
    "action": "wagtail.publish",
    "data_json": "{\"title\": {\"old\": \"Quiz (2 Pages)\", \"new\": \"Quiz (2 pages)\"}}",
    "timestamp": "2022-04-27T05:35:58.912Z",
    "user": [
      "tester"
    ],
    "content_changed": true,
    "deleted": false,
    "page": 12,
    "revision": 6
  }
},
{
  "model": "wagtailcore.pagelogentry",
  "pk": 21,
  "fields": {
    "content_type": [
      "questionnaires",
      "quiz"
    ],
    "label": "Quiz (2 pages)",
    "action": "wagtail.edit",
    "data_json": "\"\"",
    "timestamp": "2022-04-27T05:42:57.141Z",
    "user": [
      "tester"
    ],
    "content_changed": true,
    "deleted": false,
    "page": 12,
    "revision": 7
  }
},
{
  "model": "wagtailcore.pagelogentry",
  "pk": 22,
  "fields": {
    "content_type": [
      "questionnaires",
      "quiz"
    ],
    "label": "Quiz (2 pages)",
    "action": "wagtail.rename",
    "data_json": "{\"title\": {\"old\": \"Quiz 2 Pages\", \"new\": \"Quiz (2 pages)\"}}",
    "timestamp": "2022-04-27T05:42:57.193Z",
    "user": [
      "tester"
    ],
    "content_changed": false,
    "deleted": false,
    "page": 12,
    "revision": 7
  }
},
{
  "model": "wagtailcore.pagelogentry",
  "pk": 23,
  "fields": {
    "content_type": [
      "questionnaires",
      "quiz"
    ],
    "label": "Quiz (2 pages)",
    "action": "wagtail.publish",
    "data_json": "{\"title\": {\"old\": \"Quiz 2 Pages\", \"new\": \"Quiz (2 pages)\"}}",
    "timestamp": "2022-04-27T05:42:57.199Z",
    "user": [
      "tester"
    ],
    "content_changed": true,
    "deleted": false,
    "page": 12,
    "revision": 7
  }
}
]
